-- MySQL dump 10.13  Distrib 5.6.23, for osx10.8 (x86_64)
--
-- Host: localhost    Database: button_football
-- ------------------------------------------------------
-- Server version	5.6.23

/*!40101 SET @OLD_CHARACTER_SET_CLIENT=@@CHARACTER_SET_CLIENT */;
/*!40101 SET @OLD_CHARACTER_SET_RESULTS=@@CHARACTER_SET_RESULTS */;
/*!40101 SET @OLD_COLLATION_CONNECTION=@@COLLATION_CONNECTION */;
/*!40101 SET NAMES utf8 */;
/*!40103 SET @OLD_TIME_ZONE=@@TIME_ZONE */;
/*!40103 SET TIME_ZONE='+00:00' */;
/*!40014 SET @OLD_UNIQUE_CHECKS=@@UNIQUE_CHECKS, UNIQUE_CHECKS=0 */;
/*!40014 SET @OLD_FOREIGN_KEY_CHECKS=@@FOREIGN_KEY_CHECKS, FOREIGN_KEY_CHECKS=0 */;
/*!40101 SET @OLD_SQL_MODE=@@SQL_MODE, SQL_MODE='NO_AUTO_VALUE_ON_ZERO' */;
/*!40111 SET @OLD_SQL_NOTES=@@SQL_NOTES, SQL_NOTES=0 */;

--
-- Table structure for table `championship`
--

DROP TABLE IF EXISTS `championship`;
/*!40101 SET @saved_cs_client     = @@character_set_client */;
/*!40101 SET character_set_client = utf8 */;
CREATE TABLE `championship` (
  `id` bigint(10) unsigned NOT NULL AUTO_INCREMENT,
  `championship_type_id` bigint(10) unsigned NOT NULL,
  `num_edition` int(10) unsigned NOT NULL,
  `dt_created` datetime NOT NULL,
  `dt_finished` datetime DEFAULT NULL,
  `num_teams` smallint(5) unsigned NOT NULL,
  `num_classif` smallint(5) unsigned NOT NULL,
  `championship_status_id` bigint(10) unsigned NOT NULL,
  PRIMARY KEY (`id`),
  UNIQUE KEY `id_unique` (`id`),
  KEY `fk_championship_championship_status` (`championship_status_id`),
  KEY `fk_championship_championship_type` (`championship_type_id`),
  CONSTRAINT `fk_championship_championship_status` FOREIGN KEY (`championship_status_id`) REFERENCES `championship_status` (`id`),
  CONSTRAINT `fk_championship_championship_type` FOREIGN KEY (`championship_type_id`) REFERENCES `championship_type` (`id`)
) ENGINE=InnoDB AUTO_INCREMENT=68 DEFAULT CHARSET=latin1;
/*!40101 SET character_set_client = @saved_cs_client */;

--
-- Dumping data for table `championship`
--

LOCK TABLES `championship` WRITE;
/*!40000 ALTER TABLE `championship` DISABLE KEYS */;
INSERT INTO `championship` VALUES (4,1,2,'2001-07-21 00:00:00','2003-12-09 00:00:00',16,8,6),(5,3,1,'2001-02-04 00:00:00','2003-12-10 00:00:00',12,8,6),(6,7,1,'2001-02-10 00:00:00','2003-12-10 00:00:00',12,8,6),(7,1,1,'2001-03-04 00:00:00','2003-12-09 00:00:00',16,8,6),(8,2,1,'2001-03-19 00:00:00','2003-12-10 00:00:00',12,8,6),(9,4,1,'2001-07-07 00:00:00','2003-12-10 00:00:00',8,4,6),(20,3,2,'2001-08-12 00:00:00','2003-12-10 00:00:00',12,8,6),(21,2,2,'2001-10-05 00:00:00','2003-12-10 00:00:00',12,8,6),(22,4,2,'2001-10-13 00:00:00','2003-12-10 00:00:00',8,4,6),(23,7,2,'2001-10-21 00:00:00','2003-12-10 00:00:00',12,8,6),(36,1,3,'2001-12-29 00:00:00','2003-12-10 00:00:00',16,8,6),(37,3,3,'2002-01-01 00:00:00','2003-12-10 00:00:00',12,8,6),(39,2,3,'2002-01-13 00:00:00','2003-12-10 00:00:00',12,8,6),(41,4,3,'2002-01-27 00:00:00','2003-12-10 00:00:00',8,4,6),(42,7,3,'2002-02-12 00:00:00','2003-12-10 00:00:00',12,8,6),(43,1,4,'2002-03-30 00:00:00','2003-12-10 00:00:00',16,8,6),(48,3,4,'2002-04-21 00:00:00','2003-12-10 00:00:00',12,8,6),(49,2,4,'2002-04-27 00:00:00','2003-12-10 00:00:00',12,8,6),(50,4,4,'2002-06-01 00:00:00','2003-12-10 00:00:00',8,4,6),(51,7,4,'2002-06-08 00:00:00','2003-12-10 00:00:00',12,8,6),(52,1,5,'2002-08-11 00:00:00','2003-12-10 00:00:00',20,8,6),(53,3,5,'2002-09-30 00:00:00','2003-12-10 00:00:00',16,8,6),(54,2,5,'2002-09-30 00:00:00','2003-12-10 00:00:00',16,8,6),(55,4,5,'2003-12-07 00:00:00','2004-02-06 00:00:00',8,4,6),(56,7,5,'2004-02-03 00:00:00','2004-03-28 00:00:00',20,8,6),(57,1,6,'2004-02-06 00:00:00','2004-05-08 00:00:00',24,16,6),(58,2,6,'2004-05-09 00:00:00','2005-03-20 00:00:00',20,8,6),(59,3,6,'2004-05-09 00:00:00','2005-03-20 00:00:00',24,16,6),(60,4,6,'2005-03-24 00:00:00','2005-04-03 00:00:00',8,4,6),(61,7,6,'2005-03-24 00:00:00','2005-05-15 00:00:00',20,8,6),(63,1,7,'2005-05-16 00:00:00','2005-09-11 00:00:00',24,16,6),(64,2,7,'2005-11-15 00:00:00','2007-03-13 00:00:00',24,16,6),(65,3,7,'2007-03-13 00:00:00','2007-05-20 00:00:00',24,16,6),(66,4,7,'2007-05-20 00:00:00','2008-01-04 00:00:00',8,4,6),(67,7,7,'2008-01-03 00:00:00',NULL,24,16,1);
/*!40000 ALTER TABLE `championship` ENABLE KEYS */;
UNLOCK TABLES;

--
-- Table structure for table `championship_status`
--

DROP TABLE IF EXISTS `championship_status`;
/*!40101 SET @saved_cs_client     = @@character_set_client */;
/*!40101 SET character_set_client = utf8 */;
CREATE TABLE `championship_status` (
  `id` bigint(10) unsigned NOT NULL AUTO_INCREMENT,
  `description` varchar(20) NOT NULL,
  PRIMARY KEY (`id`),
  UNIQUE KEY `id_unique` (`id`)
) ENGINE=InnoDB AUTO_INCREMENT=7 DEFAULT CHARSET=latin1;
/*!40101 SET character_set_client = @saved_cs_client */;

--
-- Dumping data for table `championship_status`
--

LOCK TABLES `championship_status` WRITE;
/*!40000 ALTER TABLE `championship_status` DISABLE KEYS */;
INSERT INTO `championship_status` VALUES (1,'Groups Phase'),(2,'Octogonals'),(3,'Quarter Finals'),(4,'Semi Finals'),(5,'Finals'),(6,'Finished');
/*!40000 ALTER TABLE `championship_status` ENABLE KEYS */;
UNLOCK TABLES;

--
-- Table structure for table `championship_type`
--

DROP TABLE IF EXISTS `championship_type`;
/*!40101 SET @saved_cs_client     = @@character_set_client */;
/*!40101 SET character_set_client = utf8 */;
CREATE TABLE `championship_type` (
  `id` bigint(10) unsigned NOT NULL AUTO_INCREMENT,
  `name` varchar(40) NOT NULL,
  `team_type_id` bigint(10) unsigned NOT NULL,
  `num_editions` int(10) unsigned NOT NULL DEFAULT '0',
  `weight` smallint(5) unsigned NOT NULL,
  `logo_img_file` varchar(255) DEFAULT NULL,
  `list_order` smallint(5) unsigned DEFAULT NULL,
  PRIMARY KEY (`id`),
  UNIQUE KEY `name_unique` (`name`),
  UNIQUE KEY `id_unique` (`id`),
  KEY `fk_championship_type_team_type` (`team_type_id`),
  CONSTRAINT `fk_championship_type_team_type` FOREIGN KEY (`team_type_id`) REFERENCES `team_type` (`id`)
) ENGINE=InnoDB AUTO_INCREMENT=8 DEFAULT CHARSET=latin1;
/*!40101 SET character_set_client = @saved_cs_client */;

--
-- Dumping data for table `championship_type`
--

LOCK TABLES `championship_type` WRITE;
/*!40000 ALTER TABLE `championship_type` DISABLE KEYS */;
INSERT INTO `championship_type` VALUES (1,'Campeonato Brasileiro',1,7,1,'Campeonato_Brasileiro',1),(2,'Copa Libertadores da América',1,7,2,'Copa_Libertadores_da_America',2),(3,'Liga dos Campeões da Europa',1,7,2,'Liga_dos_Campeoes_da_Europa',3),(4,'Mundial de Clubes',1,7,3,'Mundial_de_Clubes',4),(5,'Copa América',2,0,2,'Copa_America',2),(6,'Eurocopa',2,0,2,'Eurocopa',3),(7,'Copa do Mundo',2,7,3,'Copa_do_Mundo',1);
/*!40000 ALTER TABLE `championship_type` ENABLE KEYS */;
UNLOCK TABLES;

--
-- Table structure for table `country`
--

DROP TABLE IF EXISTS `country`;
/*!40101 SET @saved_cs_client     = @@character_set_client */;
/*!40101 SET character_set_client = utf8 */;
CREATE TABLE `country` (
  `id` bigint(10) unsigned NOT NULL AUTO_INCREMENT,
  `name` varchar(30) NOT NULL,
  PRIMARY KEY (`id`),
  UNIQUE KEY `name_unique` (`name`),
  UNIQUE KEY `id_unique` (`id`)
) ENGINE=InnoDB AUTO_INCREMENT=32 DEFAULT CHARSET=latin1;
/*!40101 SET character_set_client = @saved_cs_client */;

--
-- Dumping data for table `country`
--

LOCK TABLES `country` WRITE;
/*!40000 ALTER TABLE `country` DISABLE KEYS */;
INSERT INTO `country` VALUES (1,'Alemanha'),(2,'Arábia Saudita'),(3,'Argentina'),(4,'Bélgica'),(5,'Bolívia'),(6,'Brasil'),(7,'Camarões'),(8,'Chile'),(9,'Colômbia'),(10,'Coréia do Sul'),(11,'Dinamarca'),(12,'Equador'),(13,'Escócia'),(14,'Espanha'),(15,'Estados Unidos'),(16,'França'),(17,'Grécia'),(18,'Holanda'),(19,'Inglaterra'),(20,'Itália'),(21,'México'),(22,'Nigéria'),(23,'Paraguai'),(24,'Peru'),(25,'Polônia'),(26,'Portugal'),(27,'Romênia'),(28,'Rússia'),(29,'Suécia'),(30,'Turquia'),(31,'Uruguai');
/*!40000 ALTER TABLE `country` ENABLE KEYS */;
UNLOCK TABLES;

--
-- Table structure for table `final_standing`
--

DROP TABLE IF EXISTS `final_standing`;
/*!40101 SET @saved_cs_client     = @@character_set_client */;
/*!40101 SET character_set_client = utf8 */;
CREATE TABLE `final_standing` (
  `id` bigint(10) unsigned NOT NULL AUTO_INCREMENT,
  `championship_id` bigint(10) unsigned NOT NULL,
  `team_id` bigint(10) unsigned NOT NULL,
  `num_final_pos` smallint(5) unsigned NOT NULL,
  `num_points` int(10) unsigned NOT NULL,
  `num_games` int(10) unsigned NOT NULL,
  `num_wins` int(10) unsigned NOT NULL,
  `num_draws` int(10) unsigned NOT NULL,
  `num_losses` int(10) unsigned NOT NULL,
  `num_scored_goals` int(10) unsigned NOT NULL,
  `num_conceded_goals` int(10) unsigned NOT NULL,
  `num_diff_goals` int(10) NOT NULL,
  PRIMARY KEY (`id`),
  UNIQUE KEY `id_unique` (`id`),
  KEY `fk_final_standing_championship` (`championship_id`),
  KEY `fk_final_standing_team` (`team_id`),
  CONSTRAINT `fk_final_standing_championship` FOREIGN KEY (`championship_id`) REFERENCES `championship` (`id`),
  CONSTRAINT `fk_final_standing_team` FOREIGN KEY (`team_id`) REFERENCES `team` (`id`)
) ENGINE=InnoDB AUTO_INCREMENT=992 DEFAULT CHARSET=latin1;
/*!40101 SET character_set_client = @saved_cs_client */;

--
-- Dumping data for table `final_standing`
--

LOCK TABLES `final_standing` WRITE;
/*!40000 ALTER TABLE `final_standing` DISABLE KEYS */;
INSERT INTO `final_standing` VALUES (1,4,36,9,4,3,1,1,1,2,1,1),(3,4,37,4,7,6,1,4,1,6,7,-1),(5,4,38,15,0,3,0,0,3,3,9,-6),(7,4,39,2,11,6,3,2,1,12,11,1),(9,4,40,8,7,4,2,1,1,5,5,0),(11,4,41,12,2,3,0,2,1,2,4,-2),(13,4,42,13,2,3,0,2,1,3,4,-1),(15,4,43,11,2,3,0,2,1,4,5,-1),(17,4,44,5,5,4,1,2,1,5,4,1),(19,4,45,3,11,6,3,2,1,14,8,6),(21,4,46,16,0,3,0,0,3,1,9,-8),(23,4,47,1,14,6,4,2,0,16,8,8),(25,4,73,10,3,3,1,0,2,2,3,-1),(27,4,74,7,9,4,3,0,1,7,4,3),(29,4,91,14,1,3,0,1,2,1,4,-3),(31,4,92,6,7,4,2,1,1,7,4,3),(33,5,57,10,1,3,0,1,2,3,6,-3),(35,5,58,3,12,6,4,0,2,11,7,4),(37,5,60,7,4,4,1,1,2,7,9,-2),(39,5,61,6,6,4,2,0,2,4,3,1),(41,5,63,5,5,4,1,2,1,4,5,-1),(43,5,64,12,0,3,0,0,3,3,8,-5),(45,5,71,11,0,3,0,0,3,0,4,-4),(47,5,79,2,8,6,2,2,2,4,7,-3),(49,5,80,1,16,6,5,1,0,13,3,10),(51,5,81,8,6,4,2,0,2,6,8,-2),(53,5,82,9,4,3,1,1,1,3,4,-1),(55,5,83,4,11,6,3,2,1,13,7,6),(57,6,49,10,1,3,0,1,2,4,6,-2),(59,6,50,1,13,6,4,1,1,13,9,4),(61,6,51,5,3,4,0,3,1,7,8,-1),(63,6,52,11,1,3,0,1,2,3,5,-2),(65,6,53,2,15,6,5,0,1,11,7,4),(67,6,56,12,1,3,0,1,2,4,8,-4),(69,6,65,4,12,6,4,0,2,14,8,6),(71,6,68,8,4,4,1,1,2,2,7,-5),(73,6,93,3,13,6,4,1,1,16,9,7),(75,6,94,9,1,3,0,1,2,4,7,-3),(77,6,95,7,2,4,0,2,2,2,5,-3),(79,6,96,6,6,4,2,0,2,7,8,-1),(81,7,36,7,7,4,2,1,1,9,5,4),(83,7,37,5,5,4,1,2,1,4,4,0),(85,7,38,11,4,3,1,1,1,3,3,0),(87,7,39,1,15,6,5,0,1,14,9,5),(89,7,40,2,12,6,4,0,2,12,8,4),(91,7,41,14,0,3,0,0,3,3,7,-4),(93,7,42,6,7,4,2,1,1,9,7,2),(95,7,43,10,4,3,1,1,1,4,3,1),(97,7,44,4,9,6,3,0,3,8,12,-4),(99,7,45,15,0,3,0,0,3,4,9,-5),(101,7,46,13,1,3,0,1,2,2,7,-5),(103,7,47,3,13,6,4,1,1,17,8,9),(105,7,73,9,6,3,2,0,1,5,4,1),(107,7,74,12,3,3,1,0,2,4,5,-1),(109,7,91,16,0,3,0,0,3,4,11,-7),(111,7,92,8,6,4,2,0,2,6,6,0),(113,8,39,1,15,6,5,0,1,11,5,6),(115,8,40,7,5,4,1,2,1,7,8,-1),(117,8,44,6,6,4,2,0,2,3,4,-1),(119,8,47,12,0,3,0,0,3,2,8,-6),(121,8,48,8,4,4,1,1,2,5,9,-4),(123,8,84,3,12,6,4,0,2,12,6,6),(125,8,85,2,13,6,4,1,1,11,3,8),(127,8,86,11,1,3,0,1,2,2,7,-5),(129,8,87,9,3,3,1,0,2,5,3,2),(131,8,88,4,10,6,3,1,2,8,9,-1),(133,8,89,10,1,3,0,1,2,1,4,-3),(135,8,90,5,4,4,1,1,2,3,4,-1),(137,9,39,3,7,5,2,1,2,6,4,2),(139,9,58,8,1,3,0,1,2,3,7,-4),(141,9,79,6,4,3,1,1,1,3,4,-1),(143,9,80,2,11,5,3,2,0,12,3,9),(145,9,83,4,4,5,1,1,3,6,13,-7),(147,9,84,7,3,3,0,3,0,5,5,0),(149,9,85,5,4,3,1,1,1,4,4,0),(151,9,88,1,8,5,2,2,1,7,6,1),(153,20,57,8,7,4,2,1,1,9,8,1),(155,20,58,3,8,6,2,2,2,8,7,1),(157,20,59,4,10,6,2,4,0,8,6,2),(159,20,60,2,13,6,4,1,1,16,9,7),(161,20,61,10,3,3,1,0,2,3,6,-3),(163,20,63,7,6,4,2,0,2,10,5,5),(165,20,71,9,3,3,1,0,2,3,6,-3),(167,20,79,6,3,4,1,0,3,5,7,-2),(169,20,80,5,5,4,1,2,1,4,4,0),(171,20,81,1,11,6,3,2,1,8,7,1),(173,20,82,11,3,3,1,0,2,4,9,-5),(175,20,83,12,0,3,0,0,3,2,6,-4),(177,21,37,8,3,4,0,3,1,4,5,-1),(179,21,39,4,8,6,2,2,2,10,10,0),(181,21,45,2,8,6,2,2,2,8,8,0),(183,21,47,5,5,4,1,2,1,5,6,-1),(185,21,48,11,2,3,0,2,1,3,4,-1),(187,21,84,7,4,4,1,1,2,8,8,0),(189,21,85,3,13,6,4,1,1,9,5,4),(191,21,86,1,13,6,4,1,1,17,12,5),(193,21,87,10,3,3,0,3,0,5,5,0),(195,21,88,9,3,3,1,0,2,4,8,-4),(197,21,89,6,5,4,1,2,1,4,3,1),(199,21,90,12,1,3,0,1,2,1,4,-3),(201,22,45,3,10,5,3,1,1,7,5,2),(203,22,58,2,10,5,3,1,1,11,8,3),(205,22,59,8,0,3,0,0,3,1,4,-3),(207,22,60,4,6,5,2,0,3,3,5,-2),(209,22,81,5,4,3,1,1,1,7,7,0),(211,22,85,1,11,5,3,2,0,9,6,3),(213,22,86,6,3,3,1,0,2,4,5,-1),(215,22,88,7,1,3,0,1,2,4,6,-2),(217,23,49,8,5,4,1,2,1,7,7,0),(219,23,50,1,11,6,3,2,1,11,8,3),(221,23,51,11,1,3,0,1,2,3,7,-4),(223,23,52,9,4,3,1,1,1,4,6,-2),(225,23,53,2,9,6,2,3,1,10,8,2),(227,23,56,7,9,4,3,0,1,9,6,3),(229,23,65,4,8,6,2,2,2,9,9,0),(231,23,68,5,7,4,2,1,1,8,5,3),(233,23,93,3,9,6,2,3,1,9,8,1),(235,23,94,6,4,4,1,1,2,7,7,0),(237,23,95,10,3,3,1,0,2,3,5,-2),(239,23,96,12,0,3,0,0,3,5,9,-4),(241,36,36,12,3,3,0,3,0,6,6,0),(243,36,37,11,3,3,1,0,2,5,6,-1),(245,36,38,5,5,4,1,2,1,6,6,0),(247,36,39,3,10,6,3,1,2,10,7,3),(249,36,40,9,4,3,1,1,1,5,4,1),(251,36,41,1,14,6,4,2,0,13,5,8),(253,36,42,14,2,3,0,2,1,4,7,-3),(255,36,43,16,1,3,0,1,2,3,6,-3),(257,36,44,8,7,4,2,1,1,7,7,0),(259,36,45,4,7,6,2,1,3,12,12,0),(261,36,46,13,2,3,0,2,1,3,4,-1),(263,36,47,6,5,4,1,2,1,4,4,0),(265,36,73,10,4,3,1,1,1,5,7,-2),(267,36,74,15,1,3,0,1,2,4,6,-2),(269,36,91,2,12,6,4,0,2,12,10,2),(271,36,92,7,5,4,1,2,1,4,6,-2),(273,37,57,10,3,3,1,0,2,4,4,0),(275,37,58,6,6,4,2,0,2,5,5,0),(277,37,59,2,11,6,3,2,1,13,8,5),(279,37,60,4,7,6,2,1,3,7,11,-4),(281,37,61,3,9,6,3,0,3,11,6,5),(283,37,63,11,2,3,0,2,1,4,8,-4),(285,37,64,5,7,4,2,1,1,8,5,3),(287,37,71,12,0,3,0,0,3,1,7,-6),(289,37,79,1,11,6,3,2,1,8,5,3),(291,37,80,7,6,4,2,0,2,7,9,-2),(293,37,81,9,2,3,0,2,1,4,6,-2),(295,37,82,8,9,4,3,0,1,9,7,2),(297,39,39,7,6,4,2,0,2,9,7,2),(299,39,41,11,1,3,0,1,2,4,7,-3),(301,39,45,3,9,6,3,0,3,6,7,-1),(303,39,48,8,7,4,2,1,1,8,6,2),(305,39,84,10,2,3,0,2,1,3,4,-1),(307,39,85,2,13,6,4,1,1,14,10,4),(309,39,86,4,5,6,1,2,3,9,10,-1),(311,39,87,1,8,6,1,5,0,10,9,1),(313,39,88,6,8,4,2,2,0,9,7,2),(315,39,89,9,2,3,0,2,1,3,4,-1),(317,39,90,5,7,4,2,1,1,8,7,1),(319,39,91,12,1,3,0,1,2,2,7,-5),(321,41,45,8,1,3,0,1,2,4,7,-3),(323,41,59,7,3,3,1,0,2,2,7,-5),(325,41,60,4,10,5,3,1,1,9,9,0),(327,41,61,3,8,5,2,2,1,8,6,2),(329,41,79,1,10,5,3,1,1,13,7,6),(331,41,85,2,7,5,2,1,2,8,6,2),(333,41,86,6,3,3,1,0,2,4,6,-2),(335,41,87,5,3,3,1,0,2,3,3,0),(337,42,49,3,13,6,4,1,1,12,7,5),(339,42,50,4,9,6,3,0,3,12,12,0),(341,42,51,1,14,6,4,2,0,11,7,4),(343,42,52,9,3,3,0,3,0,3,3,0),(345,42,53,6,5,4,1,2,1,5,5,0),(347,42,56,12,0,3,0,0,3,5,10,-5),(349,42,65,2,12,6,4,0,2,11,6,5),(351,42,68,11,1,3,0,1,2,3,6,-3),(353,42,93,5,4,4,1,1,2,5,5,0),(355,42,94,8,6,4,2,0,2,6,7,-1),(357,42,95,10,2,3,0,2,1,3,5,-2),(359,42,96,7,3,4,1,0,3,3,6,-3),(361,43,36,6,7,4,2,1,1,10,5,5),(363,43,37,13,3,3,1,0,2,3,5,-2),(365,43,38,16,1,3,0,1,2,1,5,-4),(367,43,39,8,5,4,1,2,1,8,10,-2),(369,43,40,14,2,3,0,2,1,5,8,-3),(371,43,41,15,1,3,0,1,2,4,7,-3),(373,43,42,4,7,6,2,1,3,9,9,0),(375,43,44,11,3,3,1,0,2,5,6,-1),(377,43,45,10,4,3,1,1,1,4,5,-1),(379,43,46,2,10,6,3,1,2,8,6,2),(381,43,47,3,11,6,3,2,1,9,9,0),(383,43,73,1,12,6,3,3,0,8,3,5),(385,43,74,12,2,3,0,2,1,5,6,-1),(387,43,91,7,6,4,2,0,2,7,5,2),(389,43,92,5,9,4,3,0,1,9,6,3),(391,43,110,9,4,3,1,1,1,4,4,0),(393,48,57,12,0,3,0,0,3,3,6,-3),(395,48,58,6,5,4,1,2,1,7,5,2),(397,48,59,8,7,4,2,1,1,7,4,3),(399,48,60,10,2,3,0,2,1,2,4,-2),(401,48,61,1,13,6,4,1,1,9,5,4),(403,48,63,3,8,6,2,2,2,9,10,-1),(405,48,64,9,3,3,0,3,0,3,3,0),(407,48,79,5,7,4,2,1,1,4,4,0),(409,48,80,4,8,6,2,2,2,10,11,-1),(411,48,81,2,10,6,3,1,2,8,6,2),(413,48,82,11,1,3,0,1,2,1,5,-4),(415,48,83,7,6,4,2,0,2,6,6,0),(417,49,42,7,5,4,1,2,1,2,1,1),(419,49,46,10,2,3,0,2,1,1,2,-1),(421,49,47,2,9,6,2,3,1,12,8,4),(423,49,48,3,12,6,3,3,0,11,8,3),(425,49,73,5,4,4,1,1,2,4,6,-2),(427,49,85,4,5,6,1,2,3,7,12,-5),(429,49,86,9,2,3,0,2,1,2,5,-3),(431,49,87,8,5,4,1,2,1,6,5,1),(433,49,88,6,8,4,2,2,0,5,3,2),(435,49,89,12,1,3,0,1,2,1,4,-3),(437,49,90,11,1,3,0,1,2,6,8,-2),(439,49,109,1,12,6,3,3,0,12,7,5),(441,50,47,1,10,5,3,1,1,11,7,4),(443,50,48,4,7,5,2,1,2,11,13,-2),(445,50,61,7,3,3,1,0,2,7,8,-1),(447,50,63,5,4,3,1,1,1,3,3,0),(449,50,79,6,3,3,1,0,2,9,10,-1),(451,50,81,3,7,5,2,1,2,8,13,-5),(453,50,85,2,8,5,2,2,1,15,8,7),(455,50,109,8,2,3,0,2,1,5,7,-2),(457,51,49,4,10,6,3,1,2,8,8,0),(459,51,50,1,12,6,3,3,0,14,8,6),(461,51,51,5,5,4,1,2,1,8,6,2),(463,51,52,2,8,6,2,2,2,11,10,1),(465,51,53,12,0,3,0,0,3,2,8,-6),(467,51,56,11,0,3,0,0,3,2,7,-5),(469,51,65,7,7,4,2,1,1,7,7,0),(471,51,68,6,6,4,2,0,2,3,6,-3),(473,51,93,9,4,3,1,1,1,3,3,0),(475,51,94,8,7,4,2,1,1,8,5,3),(477,51,95,10,1,3,0,1,2,1,5,-4),(479,51,96,3,11,6,3,2,1,11,5,6),(481,52,36,2,12,6,4,0,2,18,14,4),(483,52,37,5,6,4,2,0,2,13,12,1),(485,52,38,4,10,6,3,1,2,16,10,6),(487,52,39,18,1,3,0,1,2,4,10,-6),(489,52,40,16,3,3,1,0,2,4,6,-2),(491,52,41,7,7,4,2,1,1,11,8,3),(493,52,42,13,3,3,1,0,2,4,4,0),(495,52,43,14,3,3,1,0,2,3,4,-1),(497,52,44,8,7,4,2,1,1,7,5,2),(499,52,45,3,10,6,3,1,2,10,10,0),(501,52,46,20,0,3,0,0,3,2,9,-7),(503,52,47,6,6,4,2,0,2,11,10,1),(505,52,73,12,4,3,1,1,1,6,6,0),(507,52,74,10,4,3,1,1,1,5,5,0),(509,52,91,19,0,3,0,0,3,3,9,-6),(511,52,92,1,18,6,6,0,0,15,6,9),(513,52,110,17,1,3,0,1,2,2,5,-3),(515,52,113,15,3,3,1,0,2,4,8,-4),(517,52,114,9,6,3,2,0,1,4,3,1),(519,52,115,11,6,3,2,0,1,9,7,2),(521,53,57,2,13,6,4,1,1,14,7,7),(523,53,58,9,6,3,2,0,1,8,7,1),(525,53,59,3,12,6,4,0,2,15,13,2),(527,53,60,10,4,3,1,1,1,6,5,1),(529,53,61,11,3,3,1,0,2,3,4,-1),(531,53,63,1,14,6,4,2,0,17,8,9),(533,53,64,4,9,6,3,0,3,10,12,-2),(535,53,71,15,0,3,0,0,3,3,6,-3),(537,53,79,8,7,4,2,1,1,9,9,0),(539,53,80,13,1,3,0,1,2,4,8,-4),(541,53,81,7,6,4,2,0,2,9,8,1),(543,53,82,12,2,3,0,2,1,7,9,-2),(545,53,83,5,7,4,2,1,1,6,6,0),(547,53,119,6,6,4,2,0,2,11,10,1),(549,53,120,14,1,3,0,1,2,2,6,-4),(551,53,121,16,0,3,0,0,3,3,9,-6),(553,54,36,8,7,4,2,1,1,12,13,-1),(555,54,38,4,9,6,3,0,3,14,17,-3),(557,54,45,15,1,3,0,1,2,5,9,-4),(559,54,48,1,14,6,4,2,0,11,5,6),(561,54,84,3,10,6,3,1,2,18,8,10),(563,54,85,2,16,6,5,1,0,20,10,10),(565,54,86,10,3,3,1,0,2,5,6,-1),(567,54,87,16,1,3,0,1,2,4,10,-6),(569,54,88,9,3,3,1,0,2,5,6,-1),(571,54,89,12,3,3,1,0,2,5,8,-3),(573,54,90,11,3,3,1,0,2,6,8,-2),(575,54,92,13,3,3,1,0,2,8,10,-2),(577,54,109,5,4,4,1,1,2,5,7,-2),(579,54,116,7,6,4,2,0,2,14,14,0),(581,54,117,6,5,4,1,2,1,9,8,1),(583,54,118,14,3,3,1,0,2,4,6,-2),(585,55,47,4,9,5,3,0,2,10,10,0),(587,55,48,5,4,3,1,1,1,4,4,0),(589,55,57,6,1,3,0,1,2,4,6,-2),(591,55,59,7,3,3,1,0,2,2,7,-5),(593,55,63,3,9,5,3,0,2,10,8,2),(595,55,64,2,8,5,2,2,1,8,6,2),(597,55,84,8,1,3,0,1,2,1,4,-3),(599,55,85,1,9,5,2,3,0,11,5,6),(601,56,49,11,6,3,2,0,1,7,6,1),(603,56,50,3,12,6,3,3,0,9,4,5),(605,56,51,20,0,3,0,0,3,4,12,-8),(607,56,52,12,4,3,1,1,1,1,1,0),(609,56,53,2,11,6,3,2,1,11,9,2),(611,56,56,13,3,3,1,0,2,6,5,1),(613,56,65,10,3,3,1,0,2,5,5,0),(615,56,68,5,6,4,1,3,0,3,2,1),(617,56,93,9,4,3,1,1,1,4,3,1),(619,56,94,8,6,4,2,0,2,8,5,3),(621,56,95,18,2,3,0,2,1,2,4,-2),(623,56,96,14,3,3,1,0,2,4,5,-1),(625,56,138,4,10,6,3,1,2,8,5,3),(627,56,139,16,3,3,1,0,2,4,7,-3),(629,56,140,6,6,4,2,0,2,7,5,2),(631,56,141,19,1,3,0,1,2,3,9,-6),(633,56,142,1,16,6,5,1,0,13,5,8),(635,56,143,7,4,4,1,1,2,5,5,0),(637,56,144,15,3,3,1,0,2,4,7,-3),(639,56,145,17,3,3,1,0,2,1,5,-4),(641,57,36,13,10,4,3,1,0,11,3,8),(643,57,37,1,17,7,5,2,0,18,11,7),(645,57,38,7,8,5,2,2,1,16,7,9),(647,57,39,19,3,3,1,0,2,3,5,-2),(649,57,40,9,8,4,2,2,0,11,7,4),(651,57,41,23,1,3,0,1,2,4,10,-6),(653,57,42,8,6,5,1,3,1,11,11,0),(655,57,43,12,4,4,1,1,2,7,9,-2),(657,57,44,15,3,4,1,0,3,7,9,-2),(659,57,45,5,8,5,2,2,1,11,6,5),(661,57,46,18,1,3,0,1,2,2,4,-2),(663,57,47,3,14,7,4,2,1,18,11,7),(665,57,73,20,2,3,0,2,1,3,6,-3),(667,57,74,14,6,4,2,0,2,10,7,3),(669,57,91,10,8,4,2,2,0,8,5,3),(671,57,92,17,3,3,0,3,0,5,5,0),(673,57,110,6,5,5,1,2,2,11,9,2),(675,57,113,4,6,7,1,3,3,6,14,-8),(677,57,114,22,1,3,0,1,2,2,5,-3),(679,57,115,21,2,3,0,2,1,4,9,-5),(681,57,124,11,7,4,2,1,1,7,7,0),(683,57,125,24,0,3,0,0,3,0,12,-12),(685,57,126,2,10,7,2,4,1,13,11,2),(687,57,127,16,4,4,1,1,2,4,9,-5),(689,58,37,2,15,6,5,0,1,18,10,8),(691,58,47,11,4,3,1,1,1,6,4,2),(693,58,48,10,4,3,1,1,1,3,3,0),(695,58,84,5,7,4,2,1,1,9,6,3),(697,58,85,6,6,4,2,0,2,9,8,1),(699,58,86,9,4,3,1,1,1,5,4,1),(701,58,87,18,1,3,0,1,2,2,4,-2),(703,58,88,14,3,3,1,0,2,3,4,-1),(705,58,89,12,4,3,1,1,1,2,2,0),(707,58,90,17,3,3,1,0,2,3,5,-2),(709,58,109,20,0,3,0,0,3,0,7,-7),(711,58,113,4,7,6,2,1,3,10,8,2),(713,58,116,13,4,3,1,1,1,6,7,-1),(715,58,117,7,6,4,2,0,2,4,6,-2),(717,58,118,3,12,6,4,0,2,10,7,3),(719,58,126,16,4,3,1,1,1,2,2,0),(721,58,128,15,2,3,0,2,1,5,7,-2),(723,58,129,8,6,4,2,0,2,4,8,-4),(725,58,130,1,16,6,5,1,0,15,9,6),(727,58,131,19,0,3,0,0,3,3,8,-5),(729,59,57,10,7,4,2,1,1,9,5,4),(731,59,58,5,6,5,2,0,3,13,13,0),(733,59,59,7,7,5,2,1,2,11,12,-1),(735,59,60,19,3,3,1,0,2,7,10,-3),(737,59,61,22,1,3,0,1,2,3,6,-3),(739,59,63,16,7,4,2,1,1,9,10,-1),(741,59,64,18,2,3,0,2,1,2,3,-1),(743,59,71,8,7,5,2,1,2,11,8,3),(745,59,79,3,14,7,4,2,1,14,10,4),(747,59,80,23,0,3,0,0,3,0,8,-8),(749,59,81,4,10,7,3,1,3,10,9,1),(751,59,82,11,4,4,1,1,2,8,6,2),(753,59,83,20,3,3,1,0,2,6,10,-4),(755,59,119,2,14,7,4,2,1,14,8,6),(757,59,120,17,3,3,1,0,2,2,5,-3),(759,59,121,24,0,3,0,0,3,1,11,-10),(761,59,122,12,6,4,2,0,2,10,7,3),(763,59,123,14,9,4,3,0,1,8,4,4),(765,59,132,9,7,4,2,1,1,10,7,3),(767,59,133,15,7,4,2,1,1,5,3,2),(769,59,134,13,5,4,1,2,1,5,6,-1),(771,59,135,1,10,7,2,4,1,14,13,1),(773,59,136,6,10,5,3,1,1,11,8,3),(775,59,137,21,2,3,0,2,1,2,3,-1),(777,60,37,2,9,5,3,0,2,14,10,4),(779,60,79,6,3,3,1,0,2,6,5,1),(781,60,81,3,8,5,2,2,1,11,8,3),(783,60,85,5,4,3,1,1,1,5,5,0),(785,60,118,4,4,5,1,1,3,9,14,-5),(787,60,119,1,15,5,5,0,0,12,6,6),(789,60,130,7,1,3,0,1,2,5,9,-4),(791,60,135,8,1,3,0,1,2,3,8,-5),(793,61,49,3,12,6,4,0,2,13,8,5),(795,61,50,1,14,6,4,2,0,13,5,8),(797,61,51,6,7,4,2,1,1,10,7,3),(799,61,52,9,4,3,1,1,1,3,3,0),(801,61,53,4,11,6,3,2,1,15,10,5),(803,61,56,11,3,3,1,0,2,5,4,1),(805,61,65,14,2,3,0,2,1,3,4,-1),(807,61,68,7,7,4,2,1,1,6,4,2),(809,61,93,10,4,3,1,1,1,5,6,-1),(811,61,94,5,5,4,1,2,1,9,7,2),(813,61,95,18,1,3,0,1,2,4,9,-5),(815,61,96,8,5,4,1,2,1,7,7,0),(817,61,138,2,15,6,5,0,1,14,6,8),(819,61,139,16,1,3,0,1,2,5,9,-4),(821,61,140,17,1,3,0,1,2,2,6,-4),(823,61,141,13,3,3,0,3,0,6,6,0),(825,61,142,12,3,3,1,0,2,4,8,-4),(827,61,143,20,1,3,0,1,2,2,8,-6),(829,61,144,19,1,3,0,1,2,4,10,-6),(831,61,145,15,2,3,0,2,1,1,4,-3),(833,63,36,17,3,3,1,0,2,3,7,-4),(835,63,37,20,2,3,0,2,1,3,4,-1),(837,63,38,15,7,4,2,1,1,11,6,5),(839,63,39,8,7,5,2,1,2,5,9,-4),(841,63,40,6,7,5,1,4,0,7,5,2),(843,63,41,18,2,3,0,2,1,0,1,-1),(845,63,42,24,0,3,0,0,3,0,7,-7),(847,63,43,9,6,4,1,3,0,3,2,1),(849,63,44,13,7,4,2,1,1,9,6,3),(851,63,45,12,9,4,3,0,1,6,2,4),(853,63,46,22,1,3,0,1,2,3,8,-5),(855,63,47,10,5,4,1,2,1,10,8,2),(857,63,73,21,1,3,0,1,2,5,7,-2),(859,63,74,23,1,3,0,1,2,1,7,-6),(861,63,91,14,4,4,1,1,2,4,4,0),(863,63,92,1,13,7,4,1,2,14,12,2),(865,63,110,2,12,7,3,3,1,12,8,4),(867,63,113,16,7,4,2,1,1,5,5,0),(869,63,114,19,2,3,0,2,1,3,4,-1),(871,63,115,7,7,5,2,1,2,8,12,-4),(873,63,124,11,4,4,1,1,2,5,4,1),(875,63,125,4,9,7,2,3,2,14,12,2),(877,63,126,3,14,7,4,2,1,16,12,4),(879,63,127,5,8,5,2,2,1,13,8,5),(881,64,40,8,12,5,4,0,1,8,4,4),(883,64,48,9,6,4,2,0,2,10,6,4),(885,64,84,5,9,5,3,0,2,14,9,5),(887,64,85,12,9,4,3,0,1,8,3,5),(889,64,86,4,13,7,4,1,2,15,10,5),(891,64,88,10,7,4,2,1,1,8,4,4),(893,64,89,23,0,3,0,0,3,5,9,-4),(895,64,92,15,6,4,2,0,2,9,11,-2),(897,64,110,6,6,5,2,0,3,7,10,-3),(899,64,116,7,6,5,2,0,3,11,9,2),(901,64,117,1,16,7,5,1,1,14,5,9),(903,64,118,2,13,7,4,1,2,11,10,1),(905,64,125,22,1,3,0,1,2,2,8,-6),(907,64,126,20,3,3,1,0,2,3,10,-7),(909,64,127,14,6,4,2,0,2,7,5,2),(911,64,128,11,7,4,2,1,1,8,5,3),(913,64,129,17,3,3,1,0,2,3,8,-5),(915,64,130,13,3,4,1,0,3,3,6,-3),(917,64,150,24,0,3,0,0,3,1,7,-6),(919,64,151,21,1,3,0,1,2,4,8,-4),(921,64,152,19,3,3,1,0,2,2,5,-3),(923,64,153,18,1,3,0,1,2,5,9,-4),(925,64,155,3,13,7,4,1,2,9,7,2),(927,64,156,16,7,4,2,1,1,7,6,1),(929,65,57,12,5,4,1,2,1,8,7,1),(931,65,58,18,2,3,0,2,1,6,8,-2),(933,65,59,3,14,7,4,2,1,16,11,5),(935,65,60,4,15,7,5,0,2,17,13,4),(937,65,63,20,2,3,0,2,1,4,5,-1),(939,65,64,7,6,5,1,3,1,11,11,0),(941,65,71,22,2,3,0,2,1,2,5,-3),(943,65,79,14,6,4,2,0,2,6,5,1),(945,65,81,2,14,7,4,2,1,10,5,5),(947,65,82,17,3,3,0,3,0,6,6,0),(949,65,119,5,7,5,2,1,2,7,7,0),(951,65,120,9,7,4,2,1,1,7,7,0),(953,65,122,21,2,3,0,2,1,2,3,-1),(955,65,123,19,3,3,1,0,2,2,3,-1),(957,65,132,8,8,5,2,2,1,10,5,5),(959,65,133,6,7,5,2,1,2,5,5,0),(961,65,134,24,0,3,0,0,3,1,5,-4),(963,65,135,15,6,4,2,0,2,5,6,-1),(965,65,136,1,12,7,3,3,1,7,4,3),(967,65,137,16,4,4,1,1,2,2,7,-5),(969,65,146,10,7,4,2,1,1,5,5,0),(971,65,147,23,0,3,0,0,3,2,5,-3),(973,65,148,11,6,4,2,0,2,10,7,3),(975,65,149,13,3,4,1,0,3,4,10,-6),(977,66,59,6,4,3,1,1,1,2,2,0),(979,66,81,1,10,5,3,1,1,10,4,6),(981,66,86,5,4,3,1,1,1,3,3,0),(983,66,117,4,7,5,2,1,2,5,5,0),(985,66,118,7,1,3,0,1,2,3,6,-3),(987,66,119,3,10,5,3,1,1,5,3,2),(989,66,136,2,8,5,2,2,1,4,5,-1),(991,66,155,8,0,3,0,0,3,2,6,-4);
/*!40000 ALTER TABLE `final_standing` ENABLE KEYS */;
UNLOCK TABLES;

--
-- Table structure for table `game`
--

DROP TABLE IF EXISTS `game`;
/*!40101 SET @saved_cs_client     = @@character_set_client */;
/*!40101 SET character_set_client = utf8 */;
CREATE TABLE `game` (
  `id` bigint(10) unsigned NOT NULL AUTO_INCREMENT,
  `championship_id` bigint(10) unsigned NOT NULL,
  `game_type_id` bigint(10) unsigned NOT NULL,
  `home_team_id` bigint(10) unsigned NOT NULL,
  `away_team_id` bigint(10) unsigned NOT NULL,
  `num_home_team_goals` smallint(5) unsigned DEFAULT NULL,
  `num_away_team_goals` smallint(5) unsigned DEFAULT NULL,
  `num_home_team_extra_goals` smallint(5) unsigned DEFAULT NULL,
  `num_away_team_extra_goals` smallint(5) unsigned DEFAULT NULL,
  `num_home_team_pnt_goals` smallint(5) unsigned DEFAULT NULL,
  `num_away_team_pnt_goals` smallint(5) unsigned DEFAULT NULL,
  PRIMARY KEY (`id`),
  UNIQUE KEY `id_unique` (`id`),
  KEY `fk_game_team_a` (`home_team_id`),
  KEY `fk_game_team_b` (`away_team_id`),
  KEY `fk_game_championship` (`championship_id`),
  KEY `fk_game_game_type` (`game_type_id`),
  CONSTRAINT `fk_game_championship` FOREIGN KEY (`championship_id`) REFERENCES `championship` (`id`),
  CONSTRAINT `fk_game_game_type` FOREIGN KEY (`game_type_id`) REFERENCES `game_type` (`id`),
  CONSTRAINT `fk_game_team_a` FOREIGN KEY (`home_team_id`) REFERENCES `team` (`id`),
  CONSTRAINT `fk_game_team_b` FOREIGN KEY (`away_team_id`) REFERENCES `team` (`id`)
) ENGINE=InnoDB AUTO_INCREMENT=2062 DEFAULT CHARSET=latin1;
/*!40101 SET character_set_client = @saved_cs_client */;

--
-- Dumping data for table `game`
--

LOCK TABLES `game` WRITE;
/*!40000 ALTER TABLE `game` DISABLE KEYS */;
INSERT INTO `game` VALUES (331,4,1,47,46,3,1,0,0,0,0),(332,4,2,36,45,0,1,0,0,0,0),(333,4,3,46,36,0,2,0,0,0,0),(334,4,4,45,47,4,4,0,0,0,0),(335,4,5,47,36,0,0,0,0,0,0),(336,4,6,46,45,0,4,0,0,0,0),(337,4,7,40,43,2,1,0,0,0,0),(338,4,8,37,42,0,0,0,0,0,0),(339,4,9,43,37,1,1,0,0,0,0),(340,4,10,42,40,1,2,0,0,0,0),(341,4,11,40,37,1,1,0,0,0,0),(342,4,12,43,42,2,2,0,0,0,0),(343,4,13,44,74,1,2,0,0,0,0),(344,4,14,41,91,0,0,0,0,0,0),(345,4,15,74,41,4,2,0,0,0,0),(346,4,16,91,44,1,3,0,0,0,0),(347,4,17,44,41,0,0,0,0,0,0),(348,4,18,74,91,1,0,0,0,0,0),(349,4,19,39,92,1,1,0,0,0,0),(350,4,20,73,38,1,0,0,0,0,0),(351,4,21,92,73,2,1,0,0,0,0),(352,4,22,38,39,3,5,0,0,0,0),(353,4,23,39,73,1,0,0,0,0,0),(354,4,24,92,38,3,0,0,0,0,0),(355,5,1,64,63,1,2,0,0,0,0),(356,5,2,83,58,2,0,0,0,0,0),(357,5,3,63,83,2,2,0,0,0,0),(358,5,4,58,64,2,1,0,0,0,0),(359,5,5,64,83,1,4,0,0,0,0),(360,5,6,63,58,0,2,0,0,0,0),(361,5,7,60,57,2,2,0,0,0,0),(362,5,8,61,81,2,0,0,0,0,0),(363,5,9,57,61,0,1,0,0,0,0),(364,5,10,81,60,3,2,0,0,0,0),(365,5,11,60,61,1,0,0,0,0,0),(366,5,12,57,81,1,3,0,0,0,0),(367,5,13,80,82,3,1,0,0,0,0),(368,5,14,71,79,0,1,0,0,0,0),(369,5,15,82,71,1,0,0,0,0,0),(370,5,16,79,80,0,1,0,0,0,0),(371,5,17,80,71,2,0,0,0,0,0),(372,5,18,82,79,1,1,0,0,0,0),(373,6,1,53,95,2,1,0,0,0,0),(374,6,2,52,68,1,2,0,0,0,0),(375,6,3,95,52,1,1,0,0,0,0),(376,6,4,68,53,0,2,0,0,0,0),(377,6,5,53,52,2,1,0,0,0,0),(378,6,6,95,68,0,0,0,0,0,0),(379,6,7,96,94,3,1,0,0,0,0),(380,6,8,65,56,3,1,0,0,0,0),(381,6,9,94,65,1,2,0,0,0,0),(382,6,10,56,96,1,3,0,0,0,0),(383,6,11,96,65,1,4,0,0,0,0),(384,6,12,94,56,2,2,0,0,0,0),(385,6,13,93,51,3,3,0,0,0,0),(386,6,14,49,50,2,3,0,0,0,0),(387,6,15,51,49,1,1,0,0,0,0),(388,6,16,50,93,2,4,0,0,0,0),(389,6,17,93,49,2,1,0,0,0,0),(390,6,18,51,50,1,1,0,0,0,0),(409,7,1,73,41,1,0,0,0,0,0),(410,7,2,92,39,2,0,0,0,0,0),(411,7,3,41,92,3,4,0,0,0,0),(412,7,4,39,73,4,3,0,0,0,0),(413,7,5,73,92,1,0,0,0,0,0),(414,7,6,41,39,0,2,0,0,0,0),(415,7,7,38,36,2,2,0,0,0,0),(416,7,8,46,37,1,1,0,0,0,0),(417,7,9,36,46,5,1,0,0,0,0),(418,7,10,37,38,1,0,0,0,0,0),(419,7,11,38,46,1,0,0,0,0,0),(420,7,12,36,37,2,1,0,0,0,0),(421,7,13,45,74,0,3,0,0,0,0),(422,7,14,44,47,1,4,0,0,0,0),(423,7,15,74,44,0,1,0,0,0,0),(424,7,16,47,45,4,3,0,0,0,0),(425,7,17,45,44,1,2,0,0,0,0),(426,7,18,74,47,1,4,0,0,0,0),(427,7,19,91,42,3,4,0,0,0,0),(428,7,20,43,40,1,2,0,0,0,0),(429,7,21,42,43,0,0,0,0,0,0),(430,7,22,40,91,4,0,0,0,0,0),(431,7,23,91,43,1,3,0,0,0,0),(432,7,24,42,40,4,2,0,0,0,0),(433,8,1,47,84,0,3,0,0,0,0),(434,8,2,85,48,1,1,0,0,0,0),(435,8,3,84,85,0,2,0,0,0,0),(436,8,4,48,47,3,2,0,0,0,0),(437,8,5,47,85,0,2,0,0,0,0),(438,8,6,84,48,3,1,0,0,0,0),(439,8,7,44,89,1,0,0,0,0,0),(440,8,8,90,39,1,2,0,0,0,0),(441,8,9,89,90,1,1,0,0,0,0),(442,8,10,39,44,0,1,0,0,0,0),(443,8,11,44,90,0,1,0,0,0,0),(444,8,12,89,39,0,2,0,0,0,0),(445,8,13,40,86,1,1,0,0,0,0),(446,8,14,87,88,0,1,0,0,0,0),(447,8,15,86,87,0,4,0,0,0,0),(448,8,16,88,40,3,3,0,0,0,0),(449,8,17,40,87,2,1,0,0,0,0),(450,8,18,86,88,1,2,0,0,0,0),(451,9,1,58,85,1,1,0,0,0,0),(452,9,2,83,80,2,2,0,0,0,0),(453,9,3,85,83,2,1,0,0,0,0),(454,9,4,80,58,3,0,0,0,0,0),(455,9,5,58,83,2,3,0,0,0,0),(456,9,6,85,80,1,2,0,0,0,0),(457,9,7,88,84,3,3,0,0,0,0),(458,9,8,79,39,0,2,0,0,0,0),(459,9,9,84,79,1,1,0,0,0,0),(460,9,10,39,88,1,2,0,0,0,0),(461,9,11,88,79,1,2,0,0,0,0),(462,9,12,84,39,1,1,0,0,0,0),(557,8,64,85,39,1,2,0,0,0,0),(558,8,63,84,88,3,0,0,0,0,0),(559,8,61,85,84,2,0,0,0,0,0),(560,8,62,88,39,1,2,0,0,0,0),(561,8,57,85,48,3,0,0,0,0,0),(562,8,58,88,90,1,0,0,0,0,0),(563,8,59,39,40,3,1,0,0,0,0),(564,8,60,84,44,3,1,0,0,0,0),(589,7,64,40,39,1,3,0,0,0,0),(590,7,63,47,44,4,1,0,0,0,0),(591,7,61,47,40,0,1,0,0,0,0),(592,7,62,44,39,2,3,0,0,0,0),(593,7,57,47,37,1,1,1,0,0,0),(594,7,58,36,44,0,1,0,0,0,0),(595,7,59,42,39,1,2,0,0,0,0),(596,7,60,92,40,0,2,0,0,0,0),(615,6,64,50,53,3,1,0,0,0,0),(616,6,63,65,93,2,3,0,0,0,0),(617,6,61,65,50,1,2,0,0,0,0),(618,6,62,53,93,1,0,0,0,0,0),(619,6,57,65,95,2,0,0,0,0,0),(620,6,58,53,51,3,2,0,0,0,0),(621,6,59,93,68,4,0,0,0,0,0),(622,6,60,96,50,0,2,0,0,0,0),(641,5,64,80,79,4,0,0,0,0,0),(642,5,63,58,83,2,1,0,0,0,0),(643,5,61,80,58,3,2,0,0,0,0),(644,5,62,83,79,0,0,1,1,2,3),(645,5,57,80,63,0,0,0,0,3,2),(646,5,58,83,60,4,2,0,0,0,0),(647,5,59,61,79,1,2,0,0,0,0),(648,5,60,81,58,0,3,0,0,0,0),(661,9,64,80,88,0,0,0,0,1,2),(662,9,63,83,39,0,2,0,0,0,0),(663,9,61,80,83,5,0,0,0,0,0),(664,9,62,39,88,0,1,0,0,0,0),(689,4,64,39,47,1,5,0,0,0,0),(690,4,63,37,45,1,3,0,0,0,0),(691,4,61,37,39,2,2,1,2,0,0),(692,4,62,45,47,1,2,0,0,0,0),(693,4,57,74,37,0,1,0,0,0,0),(694,4,58,45,44,1,1,0,0,2,1),(695,4,59,92,47,1,2,0,0,0,0),(696,4,60,40,39,0,2,0,0,0,0),(761,20,1,58,60,1,2,0,0,0,0),(762,20,2,82,71,1,2,0,0,0,0),(763,20,3,60,82,5,0,0,0,0,0),(764,20,4,71,58,0,2,0,0,0,0),(765,20,5,58,82,2,3,0,0,0,0),(766,20,6,60,71,3,1,0,0,0,0),(767,20,7,80,81,1,1,0,0,0,0),(768,20,8,63,61,4,1,0,0,0,0),(769,20,9,81,63,0,4,0,0,0,0),(770,20,10,61,80,2,1,0,0,0,0),(771,20,11,80,63,2,1,0,0,0,0),(772,20,12,81,61,1,0,0,0,0,0),(773,20,13,79,57,1,2,0,0,0,0),(774,20,14,59,83,1,0,0,0,0,0),(775,20,15,57,59,3,3,0,0,0,0),(776,20,16,83,79,0,1,0,0,0,0),(777,20,17,79,59,1,2,0,0,0,0),(778,20,18,57,83,4,2,0,0,0,0),(779,20,64,60,81,1,3,0,0,0,0),(780,20,63,59,58,0,0,0,0,0,3),(781,20,61,60,59,2,2,1,0,0,0),(782,20,62,81,58,1,1,1,1,1,0),(783,20,57,60,79,3,2,0,0,0,0),(784,20,58,57,81,0,2,0,0,0,0),(785,20,59,63,58,1,2,0,0,0,0),(786,20,60,59,80,0,0,1,0,0,0),(787,21,1,39,37,1,1,0,0,0,0),(788,21,2,86,90,2,1,0,0,0,0),(789,21,3,37,86,2,2,0,0,0,0),(790,21,4,90,39,0,2,0,0,0,0),(791,21,5,39,86,3,1,0,0,0,0),(792,21,6,37,90,0,0,0,0,0,0),(793,21,7,84,87,2,2,0,0,0,0),(794,21,8,45,47,1,2,0,0,0,0),(795,21,9,87,45,2,2,0,0,0,0),(796,21,10,47,84,1,3,0,0,0,0),(797,21,11,84,45,1,2,0,0,0,0),(798,21,12,87,47,1,1,0,0,0,0),(799,21,13,85,48,1,1,0,0,0,0),(800,21,14,89,88,3,1,0,0,0,0),(801,21,15,48,89,0,0,0,0,0,0),(802,21,16,88,85,0,3,0,0,0,0),(803,21,17,85,89,2,1,0,0,0,0),(804,21,18,48,88,2,3,0,0,0,0),(805,21,64,45,86,1,3,0,0,0,0),(806,21,63,85,39,1,0,0,0,0,0),(807,21,61,85,45,0,2,0,0,0,0),(808,21,62,39,86,3,6,0,0,0,0),(809,21,57,85,37,2,1,0,0,0,0),(810,21,58,39,47,1,1,1,0,0,0),(811,21,59,84,86,2,3,0,0,0,0),(812,21,60,89,45,0,0,0,2,0,0),(813,22,1,85,45,1,0,0,0,0,0),(814,22,2,59,81,0,1,0,0,0,0),(815,22,3,45,59,2,1,0,0,0,0),(816,22,4,81,85,4,4,0,0,0,0),(817,22,5,85,59,1,0,0,0,0,0),(818,22,6,45,81,3,2,0,0,0,0),(819,22,7,88,58,3,3,0,0,0,0),(820,22,8,60,86,1,0,0,0,0,0),(821,22,9,58,60,2,0,0,0,0,0),(822,22,10,86,88,2,1,0,0,0,0),(823,22,11,88,60,0,1,0,0,0,0),(824,22,12,58,86,3,2,0,0,0,0),(825,22,64,58,85,1,2,0,0,0,0),(826,22,63,60,45,0,1,0,0,0,0),(827,22,61,58,60,2,1,0,0,0,0),(828,22,62,85,45,1,1,1,0,0,0),(829,23,1,50,65,1,2,0,0,0,0),(830,23,2,95,49,1,3,0,0,0,0),(831,23,3,65,95,1,2,0,0,0,0),(832,23,4,49,50,3,3,0,0,0,0),(833,23,5,50,95,1,0,0,0,0,0),(834,23,6,65,49,1,1,0,0,0,0),(835,23,7,53,52,1,1,0,0,0,0),(836,23,8,96,56,2,3,0,0,0,0),(837,23,9,52,96,2,1,0,0,0,0),(838,23,10,56,53,2,1,0,0,0,0),(839,23,11,53,96,4,2,0,0,0,0),(840,23,12,52,56,1,4,0,0,0,0),(841,23,13,93,68,0,2,0,0,0,0),(842,23,14,94,51,2,0,0,0,0,0),(843,23,15,68,94,2,2,0,0,0,0),(844,23,16,51,93,2,2,0,0,0,0),(845,23,17,93,94,3,2,0,0,0,0),(846,23,18,68,51,3,1,0,0,0,0),(847,23,64,53,50,1,1,0,0,1,2),(848,23,63,93,65,1,1,2,1,0,0),(849,23,61,93,53,1,1,0,1,0,0),(850,23,62,65,50,2,3,0,0,0,0),(851,23,57,56,93,0,2,0,0,0,0),(852,23,58,68,65,1,2,0,0,0,0),(853,23,59,49,50,0,2,0,0,0,0),(854,23,60,94,53,1,2,0,0,0,0),(923,36,1,47,46,0,0,0,0,0,0),(924,36,2,38,36,3,3,0,0,0,0),(925,36,3,46,38,0,1,0,0,0,0),(926,36,4,36,47,0,0,0,0,0,0),(927,36,5,47,38,1,0,0,0,0,0),(928,36,6,46,36,3,3,0,0,0,0),(929,36,7,39,74,1,0,0,0,0,0),(930,36,8,41,73,3,0,0,0,0,0),(931,36,9,74,41,2,2,0,0,0,0),(932,36,10,73,39,2,2,0,0,0,0),(933,36,11,39,41,0,1,0,0,0,0),(934,36,12,74,73,2,3,0,0,0,0),(935,36,13,40,92,0,1,0,0,0,0),(936,36,14,42,45,1,4,0,0,0,0),(937,36,15,92,42,1,1,0,0,0,0),(938,36,16,45,40,1,3,0,0,0,0),(939,36,17,40,42,2,2,0,0,0,0),(940,36,18,92,45,1,1,0,0,0,0),(941,36,19,44,37,2,1,0,0,0,0),(942,36,20,91,43,2,0,0,0,0,0),(943,36,21,37,91,1,2,0,0,0,0),(944,36,22,43,44,1,1,0,0,0,0),(945,36,23,44,91,4,1,0,0,0,0),(946,36,24,37,43,3,2,0,0,0,0),(947,36,64,91,41,1,2,0,0,0,0),(948,36,63,39,45,3,2,0,0,0,0),(949,36,61,39,91,0,2,0,0,0,0),(950,36,62,41,45,3,0,0,0,0,0),(951,36,57,44,39,0,4,0,0,0,0),(952,36,58,41,38,2,2,2,1,0,0),(953,36,59,92,45,1,4,0,0,0,0),(954,36,60,47,91,3,4,0,0,0,0),(955,37,1,58,60,3,0,0,0,0,0),(956,37,2,57,79,2,0,0,0,0,0),(957,37,3,60,57,2,1,0,0,0,0),(958,37,4,79,58,2,0,0,0,0,0),(959,37,5,58,57,2,1,0,0,0,0),(960,37,6,60,79,0,0,0,0,0,0),(961,37,7,81,63,1,1,0,0,0,0),(962,37,8,64,59,1,0,0,0,0,0),(963,37,9,63,64,0,4,0,0,0,0),(964,37,10,59,81,3,1,0,0,0,0),(965,37,11,81,64,2,2,0,0,0,0),(966,37,12,63,59,3,3,0,0,0,0),(967,37,13,80,61,2,0,0,0,0,0),(968,37,14,82,71,3,0,0,0,0,0),(969,37,15,61,82,0,1,0,0,0,0),(970,37,16,71,80,1,2,0,0,0,0),(971,37,17,80,82,2,4,0,0,0,0),(972,37,18,61,71,2,0,0,0,0,0),(973,37,64,59,79,2,2,0,1,0,0),(974,37,63,61,60,4,1,0,0,0,0),(975,37,61,61,59,0,1,0,0,0,0),(976,37,62,60,79,1,2,0,0,0,0),(977,37,57,82,61,1,5,0,0,0,0),(978,37,58,64,60,1,3,0,0,0,0),(979,37,59,58,79,0,2,0,0,0,0),(980,37,60,80,59,1,4,0,0,0,0),(1045,39,1,85,45,3,1,0,0,0,0),(1046,39,2,41,48,3,3,0,0,0,0),(1047,39,3,45,41,2,0,0,0,0,0),(1048,39,4,48,85,4,2,0,0,0,0),(1049,39,5,85,41,2,1,0,0,0,0),(1050,39,6,45,48,0,1,0,0,0,0),(1051,39,7,84,89,1,1,0,0,0,0),(1052,39,8,87,90,3,2,0,0,0,0),(1053,39,9,89,87,1,1,0,0,0,0),(1054,39,10,90,84,2,1,0,0,0,0),(1055,39,11,84,87,1,1,0,0,0,0),(1056,39,12,89,90,1,2,0,0,0,0),(1057,39,13,39,91,3,1,0,0,0,0),(1058,39,14,86,88,3,4,0,0,0,0),(1059,39,15,91,86,0,3,0,0,0,0),(1060,39,16,88,39,3,2,0,0,0,0),(1061,39,17,39,86,3,1,0,0,0,0),(1062,39,18,91,88,1,1,0,0,0,0),(1063,39,64,85,87,2,2,0,1,0,0),(1064,39,63,45,86,1,0,0,0,0,0),(1065,39,61,45,85,1,3,0,0,0,0),(1066,39,62,86,87,1,1,2,2,0,3),(1067,39,57,48,45,0,1,0,0,0,0),(1068,39,58,88,86,1,1,0,0,0,3),(1069,39,59,90,87,2,2,0,0,1,2),(1070,39,60,39,85,1,2,0,0,0,0),(1135,41,1,85,59,3,0,0,0,0,0),(1136,41,2,61,87,0,2,0,0,0,0),(1137,41,3,59,61,1,4,0,0,0,0),(1138,41,4,87,85,1,2,0,0,0,0),(1139,41,5,85,61,1,2,0,0,0,0),(1140,41,6,59,87,1,0,0,0,0,0),(1141,41,7,45,86,1,2,0,0,0,0),(1142,41,8,79,60,1,2,0,0,0,0),(1143,41,9,86,79,1,3,0,0,0,0),(1144,41,10,60,45,3,1,0,0,0,0),(1145,41,11,45,79,2,2,0,0,0,0),(1146,41,12,86,60,1,2,0,0,0,0),(1147,41,64,79,85,2,1,0,0,0,0),(1148,41,63,60,61,1,1,1,1,0,2),(1149,41,61,60,79,1,5,0,0,0,0),(1150,41,62,85,61,1,1,1,0,0,0),(1151,42,1,93,52,1,1,0,0,0,0),(1152,42,2,95,51,2,2,0,0,0,0),(1153,42,3,52,95,1,1,0,0,0,0),(1154,42,4,51,93,2,1,0,0,0,0),(1155,42,5,93,95,2,0,0,0,0,0),(1156,42,6,52,51,1,1,0,0,0,0),(1157,42,7,53,96,1,0,0,0,0,0),(1158,42,8,68,49,0,1,0,0,0,0),(1159,42,9,96,68,2,0,0,0,0,0),(1160,42,10,49,53,1,1,0,0,0,0),(1161,42,11,53,68,3,3,0,0,0,0),(1162,42,12,96,49,0,2,0,0,0,0),(1163,42,13,50,56,5,3,0,0,0,0),(1164,42,14,94,65,1,2,0,0,0,0),(1165,42,15,56,94,2,3,0,0,0,0),(1166,42,16,65,50,1,2,0,0,0,0),(1167,42,17,50,94,0,2,0,0,0,0),(1168,42,18,56,65,0,2,0,0,0,0),(1169,42,64,65,51,1,2,0,0,0,0),(1170,42,63,49,50,4,1,0,0,0,0),(1171,42,61,49,65,1,4,0,0,0,0),(1172,42,62,50,51,1,2,0,0,0,0),(1173,42,57,49,96,3,1,0,0,0,0),(1174,42,58,94,50,0,3,0,0,0,0),(1175,42,59,51,93,2,1,0,0,0,0),(1176,42,60,65,53,1,0,0,0,0,0),(1177,43,1,39,110,2,2,0,0,0,0),(1178,43,2,37,42,1,0,0,0,0,0),(1179,43,3,110,37,2,0,0,0,0,0),(1180,43,4,42,39,3,3,0,0,0,0),(1181,43,5,39,37,3,2,0,0,0,0),(1182,43,6,110,42,0,2,0,0,0,0),(1183,43,7,47,74,2,1,0,0,0,0),(1184,43,8,36,40,4,1,0,0,0,0),(1185,43,9,74,36,1,1,0,0,0,0),(1186,43,10,40,47,1,1,0,0,0,0),(1187,43,11,47,36,1,4,0,0,0,0),(1188,43,12,74,40,3,3,0,0,0,0),(1189,43,13,45,91,1,3,0,0,0,0),(1190,43,14,38,73,0,0,0,0,0,0),(1191,43,15,91,38,3,0,0,0,0,0),(1192,43,16,73,45,1,1,0,0,0,0),(1193,43,17,45,38,2,1,0,0,0,0),(1194,43,18,91,73,0,1,0,0,0,0),(1195,43,19,44,46,0,1,0,0,0,0),(1196,43,20,92,41,3,1,0,0,0,0),(1197,43,21,46,92,1,2,0,0,0,0),(1198,43,22,41,44,2,3,0,0,0,0),(1199,43,23,44,92,2,3,0,0,0,0),(1200,43,24,46,41,1,1,0,0,0,0),(1201,43,64,73,46,1,0,0,0,0,0),(1202,43,63,47,42,1,0,0,0,0,0),(1203,43,61,47,73,2,2,0,1,0,0),(1204,43,62,46,42,3,1,0,0,0,0),(1205,43,57,92,47,1,2,0,0,0,0),(1206,43,58,36,46,1,2,0,0,0,0),(1207,43,59,91,42,1,3,0,0,0,0),(1208,43,60,39,73,0,3,0,0,0,0),(1408,48,1,79,83,2,1,0,0,0,0),(1409,48,2,81,57,1,0,0,0,0,0),(1410,48,3,83,81,2,1,0,0,0,0),(1411,48,4,57,79,1,2,0,0,0,0),(1412,48,5,79,81,0,2,0,0,0,0),(1413,48,6,83,57,3,2,0,0,0,0),(1414,48,7,80,82,3,0,0,0,0,0),(1415,48,8,61,59,0,1,0,0,0,0),(1416,48,9,82,61,0,1,0,0,0,0),(1417,48,10,59,80,5,0,0,0,0,0),(1418,48,11,80,61,1,1,0,0,0,0),(1419,48,12,82,59,1,1,0,0,0,0),(1420,48,13,58,63,4,1,0,0,0,0),(1421,48,14,60,64,1,1,0,0,0,0),(1422,48,15,63,60,2,0,0,0,0,0),(1423,48,16,64,58,1,1,0,0,0,0),(1424,48,17,58,60,1,1,0,0,0,0),(1425,48,18,63,64,1,1,0,0,0,0),(1426,48,64,61,81,3,2,0,0,0,0),(1427,48,63,80,63,2,2,0,0,1,2),(1428,48,61,80,61,1,3,0,0,0,0),(1429,48,62,81,63,2,1,0,0,0,0),(1430,48,57,59,80,0,3,0,0,0,0),(1431,48,58,81,79,0,0,0,0,1,0),(1432,48,59,58,63,1,2,0,0,0,0),(1433,48,60,83,61,0,1,0,0,0,0),(1434,49,1,85,90,2,1,0,0,0,0),(1435,49,2,47,48,1,1,0,0,0,0),(1436,49,3,90,47,4,4,0,0,0,0),(1437,49,4,48,85,3,3,0,0,0,0),(1438,49,5,85,47,0,3,0,0,0,0),(1439,49,6,90,48,1,2,0,0,0,0),(1440,49,7,88,42,1,0,0,0,0,0),(1441,49,8,46,73,0,1,0,0,0,0),(1442,49,9,42,46,0,0,0,0,0,0),(1443,49,10,73,88,1,2,0,0,0,0),(1444,49,11,88,46,1,1,0,0,0,0),(1445,49,12,42,73,2,0,0,0,0,0),(1446,49,13,86,87,1,1,0,0,0,0),(1447,49,14,89,109,0,1,0,0,0,0),(1448,49,15,87,89,2,0,0,0,0,0),(1449,49,16,109,86,3,0,0,0,0,0),(1450,49,17,86,89,1,1,0,0,0,0),(1451,49,18,87,109,2,2,0,0,0,0),(1452,49,64,109,47,2,1,0,0,0,0),(1453,49,63,48,85,1,0,0,0,0,0),(1454,49,61,109,48,2,2,1,0,0,0),(1455,49,62,85,47,1,3,0,0,0,0),(1456,49,57,109,73,2,2,0,0,3,2),(1457,49,58,88,85,1,1,0,3,0,0),(1458,49,59,47,42,0,0,1,0,0,0),(1459,49,60,87,48,1,2,0,0,0,0),(1460,50,1,79,61,3,4,0,0,0,0),(1461,50,2,47,48,2,2,0,0,0,0),(1462,50,3,61,47,1,2,0,0,0,0),(1463,50,4,48,79,4,3,0,0,0,0),(1464,50,5,79,47,3,2,0,0,0,0),(1465,50,6,61,48,2,3,0,0,0,0),(1466,50,7,85,63,2,1,0,0,0,0),(1467,50,8,109,81,1,3,0,0,0,0),(1468,50,9,63,109,1,1,0,0,0,0),(1469,50,10,81,85,2,2,0,0,0,0),(1470,50,11,85,109,3,3,0,0,0,0),(1471,50,12,63,81,1,0,0,0,0,0),(1472,50,64,47,85,2,1,0,0,0,0),(1473,50,63,48,81,2,3,0,0,0,0),(1474,50,61,48,47,0,3,0,0,0,0),(1475,50,62,85,81,7,0,0,0,0,0),(1476,51,1,50,96,2,2,0,0,0,0),(1477,51,2,49,56,2,0,0,0,0,0),(1478,51,3,96,49,0,1,0,0,0,0),(1479,51,4,56,50,2,3,0,0,0,0),(1480,51,5,50,49,2,1,0,0,0,0),(1481,51,6,96,56,2,0,0,0,0,0),(1482,51,7,65,95,2,1,0,0,0,0),(1483,51,8,51,93,1,2,0,0,0,0),(1484,51,9,95,51,0,3,0,0,0,0),(1485,51,10,93,65,1,2,0,0,0,0),(1486,51,11,65,51,3,3,0,0,0,0),(1487,51,12,95,93,0,0,0,0,0,0),(1488,51,13,53,68,1,2,0,0,0,0),(1489,51,14,94,52,1,1,0,0,0,0),(1490,51,15,68,94,0,4,0,0,0,0),(1491,51,16,52,53,3,1,0,0,0,0),(1492,51,17,53,94,0,3,0,0,0,0),(1493,51,18,68,52,1,0,0,0,0,0),(1494,51,64,52,50,1,5,0,0,0,0),(1495,51,63,49,96,1,4,0,0,0,0),(1496,51,61,52,49,2,2,4,1,0,0),(1497,51,62,96,50,1,1,0,2,0,0),(1498,51,57,94,52,0,4,0,0,0,0),(1499,51,58,65,96,0,2,0,0,0,0),(1500,51,59,50,51,1,1,1,0,0,0),(1501,51,60,49,68,1,0,0,0,0,0),(1502,52,1,39,38,1,4,0,0,0,0),(1503,52,2,73,36,2,3,0,0,0,0),(1504,52,3,38,73,1,2,0,0,0,0),(1505,52,4,36,39,4,1,0,0,0,0),(1506,52,5,39,73,2,2,0,0,0,0),(1507,52,6,38,36,2,1,0,0,0,0),(1508,52,7,44,41,1,1,0,0,0,0),(1509,52,8,46,113,0,3,0,0,0,0),(1510,52,9,41,46,4,2,0,0,0,0),(1511,52,10,113,44,0,4,0,0,0,0),(1512,52,11,44,46,2,0,0,0,0,0),(1513,52,12,41,113,4,1,0,0,0,0),(1514,52,13,92,110,1,0,0,0,0,0),(1515,52,14,74,43,2,0,0,0,0,0),(1516,52,15,110,74,2,2,0,0,0,0),(1517,52,16,43,92,1,2,0,0,0,0),(1518,52,17,92,74,3,1,0,0,0,0),(1519,52,18,110,43,0,2,0,0,0,0),(1520,52,19,45,114,0,1,0,0,0,0),(1521,52,20,40,42,0,2,0,0,0,0),(1522,52,21,114,40,1,2,0,0,0,0),(1523,52,22,42,45,1,2,0,0,0,0),(1524,52,23,45,40,3,2,0,0,0,0),(1525,52,24,114,42,2,1,0,0,0,0),(1526,52,25,47,37,4,6,0,0,0,0),(1527,52,26,115,91,3,1,0,0,0,0),(1528,52,27,37,115,3,4,0,0,0,0),(1529,52,28,91,47,0,3,0,0,0,0),(1530,52,29,47,115,3,2,0,0,0,0),(1531,52,30,37,91,3,2,0,0,0,0),(1532,52,64,92,36,4,2,0,0,0,0),(1533,52,63,45,38,2,2,2,1,0,0),(1534,52,61,92,45,3,1,0,0,0,0),(1535,52,62,38,36,3,4,0,0,0,0),(1536,52,57,92,47,2,1,0,0,0,0),(1537,52,58,44,38,0,4,0,0,0,0),(1538,52,59,36,41,4,2,0,0,0,0),(1539,52,60,37,45,1,2,0,0,0,0),(1540,53,1,58,59,3,2,0,0,0,0),(1541,53,2,121,119,1,2,0,0,0,0),(1542,53,3,59,121,3,0,0,0,0,0),(1543,53,4,119,58,3,1,0,0,0,0),(1544,53,5,58,121,4,2,0,0,0,0),(1545,53,6,59,119,4,3,0,0,0,0),(1546,53,7,61,63,1,2,0,0,0,0),(1547,53,8,83,71,2,1,0,0,0,0),(1548,53,9,63,83,2,0,0,0,0,0),(1549,53,10,71,61,0,1,0,0,0,0),(1550,53,11,61,83,1,2,0,0,0,0),(1551,53,12,63,71,3,2,0,0,0,0),(1552,53,13,79,81,3,2,0,0,0,0),(1553,53,14,82,120,2,2,0,0,0,0),(1554,53,15,81,82,4,2,0,0,0,0),(1555,53,16,120,79,0,2,0,0,0,0),(1556,53,17,79,82,3,3,0,0,0,0),(1557,53,18,81,120,2,0,0,0,0,0),(1558,53,19,80,57,1,3,0,0,0,0),(1559,53,20,60,64,1,2,0,0,0,0),(1560,53,21,57,60,0,2,0,0,0,0),(1561,53,22,64,80,2,0,0,0,0,0),(1562,53,23,80,60,3,3,0,0,0,0),(1563,53,24,57,64,2,1,0,0,0,0),(1564,53,64,63,57,2,2,1,0,0,0),(1565,53,63,64,59,1,2,0,0,0,0),(1566,53,61,63,64,6,1,0,0,0,0),(1567,53,62,57,59,3,0,0,0,0,0),(1568,53,57,63,83,2,2,1,0,0,0),(1569,53,58,79,57,1,4,0,0,0,0),(1570,53,59,59,119,4,3,0,0,0,0),(1571,53,60,64,81,3,1,0,0,0,0),(1572,54,1,45,90,2,3,0,0,0,0),(1573,54,2,36,117,3,3,0,0,0,0),(1574,54,3,90,36,2,3,0,0,0,0),(1575,54,4,117,45,2,2,0,0,0,0),(1576,54,5,45,36,1,4,0,0,0,0),(1577,54,6,90,117,1,3,0,0,0,0),(1578,54,7,85,84,2,1,0,0,0,0),(1579,54,8,87,89,1,3,0,0,0,0),(1580,54,9,84,87,1,1,0,0,0,0),(1581,54,10,89,85,2,4,0,0,0,0),(1582,54,11,85,87,6,2,0,0,0,0),(1583,54,12,84,89,3,0,0,0,0,0),(1584,54,13,86,118,1,2,0,0,0,0),(1585,54,14,109,48,0,0,0,0,0,0),(1586,54,15,118,109,1,2,0,0,0,0),(1587,54,16,48,86,3,1,0,0,0,0),(1588,54,17,86,109,3,1,0,0,0,0),(1589,54,18,118,48,1,3,0,0,0,0),(1590,54,19,88,116,2,4,0,0,0,0),(1591,54,20,38,92,4,1,0,0,0,0),(1592,54,21,116,38,2,3,0,0,0,0),(1593,54,22,92,88,2,0,0,0,0,0),(1594,54,23,88,38,3,0,0,0,0,0),(1595,54,24,116,92,6,5,0,0,0,0),(1596,54,64,85,48,1,1,0,1,0,0),(1597,54,63,38,84,1,5,0,0,0,0),(1598,54,61,85,38,4,2,0,0,0,0),(1599,54,62,84,48,1,2,0,0,0,0),(1600,54,57,85,109,3,2,0,0,0,0),(1601,54,58,36,84,2,7,0,0,0,0),(1602,54,59,48,117,2,1,0,0,0,0),(1603,54,60,116,38,2,4,0,0,0,0),(1604,55,1,47,84,2,1,0,0,0,0),(1605,55,2,57,63,2,3,0,0,0,0),(1606,55,3,84,57,0,0,0,0,0,0),(1607,55,4,63,47,1,3,0,0,0,0),(1608,55,5,47,57,3,2,0,0,0,0),(1609,55,6,84,63,0,2,0,0,0,0),(1610,55,7,85,59,5,0,0,0,0,0),(1611,55,8,64,48,2,1,0,0,0,0),(1612,55,9,59,64,2,1,0,0,0,0),(1613,55,10,48,85,2,2,0,0,0,0),(1614,55,11,85,64,1,1,0,0,0,0),(1615,55,12,59,48,0,1,0,0,0,0),(1616,55,64,64,85,1,1,0,0,0,2),(1617,55,63,47,63,1,3,0,0,0,0),(1618,55,61,47,64,1,3,0,0,0,0),(1619,55,62,85,63,2,1,0,0,0,0),(1620,56,1,51,94,1,5,0,0,0,0),(1621,56,2,140,49,1,2,0,0,0,0),(1622,56,3,94,140,0,1,0,0,0,0),(1623,56,4,49,51,3,2,0,0,0,0),(1624,56,5,51,140,1,4,0,0,0,0),(1625,56,6,94,49,3,2,0,0,0,0),(1626,56,7,53,95,1,1,0,0,0,0),(1627,56,8,96,143,0,2,0,0,0,0),(1628,56,9,95,96,1,3,0,0,0,0),(1629,56,10,143,53,2,3,0,0,0,0),(1630,56,11,53,96,2,1,0,0,0,0),(1631,56,12,95,143,0,0,0,0,0,0),(1632,56,13,50,56,2,0,0,0,0,0),(1633,56,14,141,68,1,1,0,0,0,0),(1634,56,15,56,141,5,1,0,0,0,0),(1635,56,16,68,50,0,0,0,0,0,0),(1636,56,17,50,141,3,1,0,0,0,0),(1637,56,18,56,68,1,2,0,0,0,0),(1638,56,19,93,52,0,0,0,0,0,0),(1639,56,20,138,145,0,1,0,0,0,0),(1640,56,21,52,138,0,1,0,0,0,0),(1641,56,22,145,93,0,4,0,0,0,0),(1642,56,23,93,138,0,3,0,0,0,0),(1643,56,24,52,145,1,0,0,0,0,0),(1644,56,25,65,139,1,2,0,0,0,0),(1645,56,26,144,142,0,2,0,0,0,0),(1646,56,27,139,144,1,2,0,0,0,0),(1647,56,28,142,65,1,0,0,0,0,0),(1648,56,29,65,144,4,2,0,0,0,0),(1649,56,30,139,142,1,4,0,0,0,0),(1650,56,64,142,53,2,1,0,0,0,0),(1651,56,63,138,50,1,2,0,0,0,0),(1652,56,61,142,138,2,2,0,0,1,0),(1653,56,62,50,53,2,2,0,1,0,0),(1654,56,57,142,143,2,1,0,0,0,0),(1655,56,58,50,68,0,0,1,1,2,1),(1656,56,59,53,140,2,1,0,0,0,0),(1657,56,60,94,138,0,1,0,0,0,0),(1658,57,1,39,43,2,1,0,0,0,0),(1659,57,2,74,124,2,3,0,0,0,0),(1660,57,3,43,74,2,5,0,0,0,0),(1661,57,4,124,39,2,1,0,0,0,0),(1662,57,5,39,74,0,2,0,0,0,0),(1663,57,6,43,124,2,0,0,0,0,0),(1664,57,7,47,46,2,1,0,0,0,0),(1665,57,8,41,91,2,4,0,0,0,0),(1666,57,9,46,41,0,0,0,0,0,0),(1667,57,10,91,47,0,0,0,0,0,0),(1668,57,11,47,41,6,2,0,0,0,0),(1669,57,12,46,91,1,2,0,0,0,0),(1670,57,13,44,37,3,5,0,0,0,0),(1671,57,14,127,73,1,1,0,0,0,0),(1672,57,15,37,127,2,0,0,0,0,0),(1673,57,16,73,44,0,3,0,0,0,0),(1674,57,17,44,127,0,2,0,0,0,0),(1675,57,18,37,73,2,2,0,0,0,0),(1676,57,19,36,126,4,2,0,0,0,0),(1677,57,20,110,125,6,0,0,0,0,0),(1678,57,21,126,110,0,0,0,0,0,0),(1679,57,22,125,36,0,3,0,0,0,0),(1680,57,23,36,110,3,0,0,0,0,0),(1681,57,24,126,125,3,0,0,0,0,0),(1682,57,25,45,113,5,0,0,0,0,0),(1683,57,26,114,40,2,2,0,0,0,0),(1684,57,27,113,114,1,0,0,0,0,0),(1685,57,28,40,45,3,1,0,0,0,0),(1686,57,29,45,114,2,0,0,0,0,0),(1687,57,30,113,40,1,3,0,0,0,0),(1688,57,31,92,42,3,3,0,0,0,0),(1689,57,32,38,115,5,0,0,0,0,0),(1690,57,33,42,38,3,3,0,0,0,0),(1691,57,34,115,92,2,2,0,0,0,0),(1692,57,35,92,38,0,0,0,0,0,0),(1693,57,36,42,115,2,2,0,0,0,0),(1694,57,64,126,37,2,2,0,0,1,3),(1695,57,63,113,47,1,3,0,0,0,0),(1696,57,61,113,126,1,1,1,1,0,1),(1697,57,62,47,37,1,2,0,0,0,0),(1698,57,57,113,45,1,1,2,0,0,0),(1699,57,58,47,110,4,3,0,0,0,0),(1700,57,59,37,38,3,2,0,0,0,0),(1701,57,60,126,42,2,1,0,0,0,0),(1702,57,49,36,113,1,1,1,2,0,0),(1703,57,50,47,43,2,2,2,0,0,0),(1704,57,51,37,44,2,1,0,0,0,0),(1705,57,52,40,126,3,3,0,1,0,0),(1706,57,53,74,42,1,2,0,0,0,0),(1707,57,54,38,127,6,1,0,0,0,0),(1708,57,55,91,110,2,2,0,1,0,0),(1709,57,56,45,124,2,2,1,0,0,0),(1710,58,1,86,37,1,2,0,0,0,0),(1711,58,2,131,116,1,2,0,0,0,0),(1712,58,3,37,131,3,1,0,0,0,0),(1713,58,4,116,86,1,1,0,0,0,0),(1714,58,5,86,131,3,1,0,0,0,0),(1715,58,6,37,116,5,3,0,0,0,0),(1716,58,7,85,130,2,3,0,0,0,0),(1717,58,8,87,128,0,0,0,0,0,0),(1718,58,9,130,87,2,1,0,0,0,0),(1719,58,10,128,85,2,4,0,0,0,0),(1720,58,11,85,87,2,1,0,0,0,0),(1721,58,12,130,128,3,3,0,0,0,0),(1722,58,13,48,126,1,1,0,0,0,0),(1723,58,14,89,113,1,1,0,0,0,0),(1724,58,15,126,89,0,1,0,0,0,0),(1725,58,16,113,48,2,1,0,0,0,0),(1726,58,17,48,89,1,0,0,0,0,0),(1727,58,18,126,113,1,0,0,0,0,0),(1728,58,19,88,117,0,1,0,0,0,0),(1729,58,20,90,129,0,2,0,0,0,0),(1730,58,21,117,90,1,0,0,0,0,0),(1731,58,22,129,88,0,1,0,0,0,0),(1732,58,23,88,90,2,3,0,0,0,0),(1733,58,24,117,129,1,2,0,0,0,0),(1734,58,25,84,109,3,0,0,0,0,0),(1735,58,26,118,47,2,1,0,0,0,0),(1736,58,27,109,118,0,1,0,0,0,0),(1737,58,28,47,84,2,2,0,0,0,0),(1738,58,29,84,118,2,1,0,0,0,0),(1739,58,30,109,47,0,3,0,0,0,0),(1740,58,64,37,130,1,3,0,0,0,0),(1741,58,63,113,118,0,2,0,0,0,0),(1742,58,61,37,113,3,1,0,0,0,0),(1743,58,62,118,130,1,2,0,0,0,0),(1744,58,57,37,117,4,1,0,0,0,0),(1745,58,58,84,118,2,3,0,0,0,0),(1746,58,59,130,85,2,1,0,0,0,0),(1747,58,60,129,113,0,6,0,0,0,0),(1748,59,1,59,132,1,4,0,0,0,0),(1749,59,2,71,61,1,1,0,0,0,0),(1750,59,3,132,71,1,3,0,0,0,0),(1751,59,4,61,59,2,3,0,0,0,0),(1752,59,5,59,71,3,1,0,0,0,0),(1753,59,6,132,61,2,0,0,0,0,0),(1754,59,7,80,123,0,3,0,0,0,0),(1755,59,8,122,120,3,0,0,0,0,0),(1756,59,9,123,122,3,2,0,0,0,0),(1757,59,10,120,80,2,0,0,0,0,0),(1758,59,11,80,122,0,3,0,0,0,0),(1759,59,12,123,120,2,0,0,0,0,0),(1760,59,13,63,82,3,3,0,0,0,0),(1761,59,14,121,57,0,4,0,0,0,0),(1762,59,15,82,121,4,0,0,0,0,0),(1763,59,16,57,63,1,2,0,0,0,0),(1764,59,17,63,121,3,1,0,0,0,0),(1765,59,18,82,57,1,2,0,0,0,0),(1766,59,19,79,64,0,0,0,0,0,0),(1767,59,20,137,134,1,1,0,0,0,0),(1768,59,21,64,137,1,1,0,0,0,0),(1769,59,22,134,79,1,1,0,0,0,0),(1770,59,23,79,137,1,0,0,0,0,0),(1771,59,24,64,134,1,2,0,0,0,0),(1772,59,25,58,119,3,1,0,0,0,0),(1773,59,26,136,83,4,2,0,0,0,0),(1774,59,27,119,136,1,1,0,0,0,0),(1775,59,28,83,58,4,2,0,0,0,0),(1776,59,29,58,136,2,3,0,0,0,0),(1777,59,30,119,83,4,0,0,0,0,0),(1778,59,31,81,133,0,2,0,0,0,0),(1779,59,32,60,135,4,6,0,0,0,0),(1780,59,33,133,60,3,1,0,0,0,0),(1781,59,34,135,81,1,3,0,0,0,0),(1782,59,35,81,60,1,2,0,0,0,0),(1783,59,36,133,135,0,0,0,0,0,0),(1784,59,64,135,119,1,1,1,0,0,0),(1785,59,63,81,79,1,2,0,0,0,0),(1786,59,61,81,135,0,0,0,0,0,2),(1787,59,62,79,119,1,2,0,0,0,0),(1788,59,57,81,59,3,2,0,0,0,0),(1789,59,58,58,79,4,5,0,0,0,0),(1790,59,59,71,119,1,2,0,0,0,0),(1791,59,60,136,135,2,3,0,0,0,0),(1792,59,49,123,81,0,2,0,0,0,0),(1793,59,50,133,58,0,2,0,0,0,0),(1794,59,51,63,71,1,5,0,0,0,0),(1795,59,52,136,82,1,0,0,0,0,0),(1796,59,53,132,135,3,3,0,1,0,0),(1797,59,54,134,119,1,3,0,0,0,0),(1798,59,55,122,79,2,4,0,0,0,0),(1799,59,56,57,59,2,2,0,0,1,2),(1800,60,1,85,37,1,2,0,0,0,0),(1801,60,2,81,135,1,1,0,0,0,0),(1802,60,3,37,81,1,2,0,0,0,0),(1803,60,4,135,85,1,2,0,0,0,0),(1804,60,5,85,81,2,2,0,0,0,0),(1805,60,6,37,135,5,1,0,0,0,0),(1806,60,7,79,130,4,1,0,0,0,0),(1807,60,8,119,118,2,1,0,0,0,0),(1808,60,9,130,119,1,2,0,0,0,0),(1809,60,10,118,79,3,2,0,0,0,0),(1810,60,11,79,119,0,1,0,0,0,0),(1811,60,12,130,118,3,3,0,0,0,0),(1812,60,64,119,37,4,3,0,0,0,0),(1813,60,63,118,81,1,4,0,0,0,0),(1814,60,61,119,118,3,1,0,0,0,0),(1815,60,62,37,81,3,2,0,0,0,0),(1816,61,1,50,52,3,1,0,0,0,0),(1817,61,2,140,145,1,1,0,0,0,0),(1818,61,3,52,140,2,0,0,0,0,0),(1819,61,4,145,50,0,3,0,0,0,0),(1820,61,5,50,140,3,1,0,0,0,0),(1821,61,6,52,145,0,0,0,0,0,0),(1822,61,7,51,142,3,1,0,0,0,0),(1823,61,8,49,139,3,1,0,0,0,0),(1824,61,9,142,49,0,4,0,0,0,0),(1825,61,10,139,51,3,3,0,0,0,0),(1826,61,11,51,49,2,0,0,0,0,0),(1827,61,12,142,139,3,1,0,0,0,0),(1828,61,13,93,56,1,0,0,0,0,0),(1829,61,14,95,138,1,3,0,0,0,0),(1830,61,15,56,95,4,1,0,0,0,0),(1831,61,16,138,93,4,2,0,0,0,0),(1832,61,17,93,95,2,2,0,0,0,0),(1833,61,18,56,138,1,2,0,0,0,0),(1834,61,19,65,96,2,2,0,0,0,0),(1835,61,20,143,68,0,3,0,0,0,0),(1836,61,21,96,143,4,1,0,0,0,0),(1837,61,22,68,65,1,0,0,0,0,0),(1838,61,23,65,143,1,1,0,0,0,0),(1839,61,24,96,68,1,1,0,0,0,0),(1840,61,25,53,141,1,1,0,0,0,0),(1841,61,26,94,144,4,1,0,0,0,0),(1842,61,27,141,94,3,3,0,0,0,0),(1843,61,28,144,53,1,4,0,0,0,0),(1844,61,29,53,94,3,2,0,0,0,0),(1845,61,30,141,144,2,2,0,0,0,0),(1846,61,64,50,138,2,1,0,0,0,0),(1847,61,63,53,49,2,3,0,0,0,0),(1848,61,61,50,53,2,2,1,1,2,0),(1849,61,62,138,49,1,0,0,0,0,0),(1850,61,57,50,94,0,0,0,0,2,0),(1851,61,58,138,96,3,0,0,0,0,0),(1852,61,59,51,49,2,3,0,0,0,0),(1853,61,60,53,68,3,1,0,0,0,0),(1854,63,1,92,73,2,1,0,0,0,0),(1855,63,2,40,126,1,1,0,0,0,0),(1856,63,3,73,40,1,1,0,0,0,0),(1857,63,4,126,92,4,3,0,0,0,0),(1858,63,5,92,40,2,4,0,0,0,0),(1859,63,6,73,126,3,4,0,0,0,0),(1860,63,7,39,127,1,4,0,0,0,0),(1861,63,8,114,110,1,1,0,0,0,0),(1862,63,9,127,114,2,2,0,0,0,0),(1863,63,10,110,39,1,1,0,0,0,0),(1864,63,11,39,114,1,0,0,0,0,0),(1865,63,12,127,110,1,2,0,0,0,0),(1866,63,13,44,125,4,3,0,0,0,0),(1867,63,14,42,113,0,2,0,0,0,0),(1868,63,15,125,42,2,0,0,0,0,0),(1869,63,16,113,44,2,2,0,0,0,0),(1870,63,17,44,42,3,0,0,0,0,0),(1871,63,18,125,113,0,1,0,0,0,0),(1872,63,19,47,46,5,2,0,0,0,0),(1873,63,20,43,91,1,0,0,0,0,0),(1874,63,21,46,43,1,1,0,0,0,0),(1875,63,22,91,47,2,2,0,0,0,0),(1876,63,23,47,43,1,1,0,0,0,0),(1877,63,24,46,91,0,2,0,0,0,0),(1878,63,25,45,74,3,1,0,0,0,0),(1879,63,26,41,124,0,0,0,0,0,0),(1880,63,27,74,41,0,0,0,0,0,0),(1881,63,28,124,45,0,2,0,0,0,0),(1882,63,29,45,41,1,0,0,0,0,0),(1883,63,30,74,124,0,4,0,0,0,0),(1884,63,31,37,115,1,1,0,0,0,0),(1885,63,32,38,36,4,0,0,0,0,0),(1886,63,33,115,38,0,3,0,0,0,0),(1887,63,34,36,37,1,0,0,0,0,0),(1888,63,35,37,38,2,2,0,0,0,0),(1889,63,36,115,36,3,2,0,0,0,0),(1890,63,64,92,110,2,1,0,0,0,0),(1891,63,63,126,125,1,1,0,0,1,0),(1892,63,61,92,126,3,1,0,0,0,0),(1893,63,62,125,110,1,1,0,0,1,2),(1894,63,57,92,40,1,1,1,1,3,1),(1895,63,58,125,127,3,3,1,0,0,0),(1896,63,59,39,110,1,4,0,0,0,0),(1897,63,60,126,115,4,1,0,0,0,0),(1898,63,49,45,92,0,1,0,0,0,0),(1899,63,50,38,125,2,4,0,0,0,0),(1900,63,51,44,39,0,1,0,0,0,0),(1901,63,52,126,91,1,0,0,0,0,0),(1902,63,53,47,115,2,3,0,0,0,0),(1903,63,54,110,124,2,1,0,0,0,0),(1904,63,55,113,127,0,3,0,0,0,0),(1905,63,56,40,43,0,0,1,0,0,0),(1906,64,1,84,92,2,3,0,0,0,0),(1907,64,2,116,126,5,0,0,0,0,0),(1908,64,3,92,116,3,2,0,0,0,0),(1909,64,4,126,84,1,4,0,0,0,0),(1910,64,5,84,116,2,1,0,0,0,0),(1911,64,6,92,126,1,2,0,0,0,0),(1912,64,7,48,155,1,2,0,0,0,0),(1913,64,8,152,118,0,1,0,0,0,0),(1914,64,9,155,152,0,1,0,0,0,0),(1915,64,10,118,48,0,3,0,0,0,0),(1916,64,11,48,152,4,1,0,0,0,0),(1917,64,12,155,118,1,2,0,0,0,0),(1918,64,13,88,156,1,1,0,0,0,0),(1919,64,14,129,89,3,2,0,0,0,0),(1920,64,15,156,129,3,0,0,0,0,0),(1921,64,16,89,88,1,3,0,0,0,0),(1922,64,17,88,129,3,0,0,0,0,0),(1923,64,18,156,89,3,2,0,0,0,0),(1924,64,19,130,150,1,0,0,0,0,0),(1925,64,20,117,40,0,2,0,0,0,0),(1926,64,21,150,117,1,3,0,0,0,0),(1927,64,22,40,130,2,1,0,0,0,0),(1928,64,23,130,117,1,3,0,0,0,0),(1929,64,24,150,40,0,3,0,0,0,0),(1930,64,25,85,125,3,0,0,0,0,0),(1931,64,26,153,127,1,3,0,0,0,0),(1932,64,27,125,153,2,2,0,0,0,0),(1933,64,28,127,85,0,1,0,0,0,0),(1934,64,29,85,153,4,2,0,0,0,0),(1935,64,30,125,127,0,3,0,0,0,0),(1936,64,31,86,128,1,2,0,0,0,0),(1937,64,32,151,110,1,3,0,0,0,0),(1938,64,33,128,151,2,2,0,0,0,0),(1939,64,34,110,86,2,4,0,0,0,0),(1940,64,35,86,151,3,1,0,0,0,0),(1941,64,36,128,110,3,0,0,0,0,0),(1942,64,64,118,117,1,2,0,0,0,0),(1943,64,63,86,155,1,2,0,0,0,0),(1944,64,61,86,118,1,1,0,2,0,0),(1945,64,62,117,155,0,0,2,1,0,0),(1946,64,57,110,86,1,2,0,0,0,0),(1947,64,58,40,117,0,3,0,0,0,0),(1948,64,59,155,84,2,1,0,0,0,0),(1949,64,60,116,118,1,3,0,0,0,0),(1950,64,49,85,110,0,1,0,0,0,0),(1951,64,50,40,130,1,0,0,0,0,0),(1952,64,51,88,155,1,2,0,0,0,0),(1953,64,52,128,116,1,2,0,0,0,0),(1954,64,53,48,118,2,3,0,0,0,0),(1955,64,54,84,92,5,2,0,0,0,0),(1956,64,55,156,117,0,3,0,0,0,0),(1957,64,56,127,86,1,3,0,0,0,0),(1958,65,1,63,137,0,1,0,0,0,0),(1959,65,2,57,82,3,3,0,0,0,0),(1960,65,3,137,57,0,2,0,0,0,0),(1961,65,4,82,63,2,2,0,0,0,0),(1962,65,5,63,57,2,2,0,0,0,0),(1963,65,6,137,82,1,1,0,0,0,0),(1964,65,7,79,120,4,1,0,0,0,0),(1965,65,8,146,147,2,1,0,0,0,0),(1966,65,9,120,146,2,0,0,0,0,0),(1967,65,10,147,79,1,2,0,0,0,0),(1968,65,11,79,146,0,1,0,0,0,0),(1969,65,12,120,147,1,0,0,0,0,0),(1970,65,13,59,123,0,1,0,0,0,0),(1971,65,14,119,135,0,2,0,0,0,0),(1972,65,15,123,119,0,1,0,0,0,0),(1973,65,16,135,59,1,3,0,0,0,0),(1974,65,17,59,119,3,3,0,0,0,0),(1975,65,18,123,135,1,2,0,0,0,0),(1976,65,19,60,148,3,1,0,0,0,0),(1977,65,20,134,149,0,1,0,0,0,0),(1978,65,21,148,134,2,0,0,0,0,0),(1979,65,22,149,60,1,3,0,0,0,0),(1980,65,23,60,134,2,1,0,0,0,0),(1981,65,24,148,149,5,1,0,0,0,0),(1982,65,25,58,64,3,5,0,0,0,0),(1983,65,26,71,132,0,3,0,0,0,0),(1984,65,27,64,71,0,0,0,0,0,0),(1985,65,28,132,58,1,1,0,0,0,0),(1986,65,29,58,71,2,2,0,0,0,0),(1987,65,30,64,132,2,2,0,0,0,0),(1988,65,31,81,136,0,1,0,0,0,0),(1989,65,32,122,133,1,1,0,0,0,0),(1990,65,33,136,122,1,1,0,0,0,0),(1991,65,34,133,81,0,1,0,0,0,0),(1992,65,35,81,122,1,0,0,0,0,0),(1993,65,36,136,133,1,2,0,0,0,0),(1994,65,64,81,136,0,0,0,1,0,0),(1995,65,63,60,59,2,4,0,0,0,0),(1996,65,61,60,81,2,4,0,0,0,0),(1997,65,62,59,136,1,1,0,1,0,0),(1998,65,57,60,64,3,1,0,0,0,0),(1999,65,58,119,59,1,2,0,0,0,0),(2000,65,59,136,133,1,0,0,0,0,0),(2001,65,60,81,132,2,0,0,0,0,0),(2002,65,49,60,149,2,1,0,0,0,0),(2003,65,50,79,119,0,2,0,0,0,0),(2004,65,51,135,136,0,2,0,0,0,0),(2005,65,52,81,146,2,2,0,0,2,1),(2006,65,53,132,137,4,0,0,0,0,0),(2007,65,54,57,133,1,2,0,0,0,0),(2008,65,55,148,59,2,3,0,0,0,0),(2009,65,56,120,64,3,3,0,2,0,0),(2010,66,1,81,118,2,2,0,0,0,0),(2011,66,2,117,86,1,1,0,0,0,0),(2012,66,3,118,117,1,2,0,0,0,0),(2013,66,4,86,81,0,2,0,0,0,0),(2014,66,5,81,117,1,2,0,0,0,0),(2015,66,6,118,86,0,2,0,0,0,0),(2016,66,7,119,155,3,2,0,0,0,0),(2017,66,8,59,136,1,1,0,0,0,0),(2018,66,9,155,59,0,1,0,0,0,0),(2019,66,10,136,119,0,0,0,0,0,0),(2020,66,11,119,59,1,0,0,0,0,0),(2021,66,12,155,136,0,2,0,0,0,0),(2022,66,64,81,136,4,0,0,0,0,0),(2023,66,63,117,119,0,1,0,0,0,0),(2024,66,61,117,81,0,1,0,0,0,0),(2025,66,62,119,136,0,1,0,0,0,0),(2026,67,1,68,143,0,0,0,0,0,0),(2027,67,2,94,142,0,0,0,0,0,0),(2028,67,3,143,94,0,0,0,0,0,0),(2029,67,4,142,68,0,0,0,0,0,0),(2030,67,5,68,94,0,0,0,0,0,0),(2031,67,6,143,142,0,0,0,0,0,0),(2032,67,7,49,52,0,0,0,0,0,0),(2033,67,8,96,95,0,0,0,0,0,0),(2034,67,9,52,96,0,0,0,0,0,0),(2035,67,10,95,49,0,0,0,0,0,0),(2036,67,11,49,96,0,0,0,0,0,0),(2037,67,12,52,95,0,0,0,0,0,0),(2038,67,13,50,145,0,0,0,0,0,0),(2039,67,14,93,144,0,0,0,0,0,0),(2040,67,15,145,93,0,0,0,0,0,0),(2041,67,16,144,50,0,0,0,0,0,0),(2042,67,17,50,93,0,0,0,0,0,0),(2043,67,18,145,144,0,0,0,0,0,0),(2044,67,19,53,157,0,0,0,0,0,0),(2045,67,20,138,141,0,0,0,0,0,0),(2046,67,21,157,138,0,0,0,0,0,0),(2047,67,22,141,53,0,0,0,0,0,0),(2048,67,23,53,138,0,0,0,0,0,0),(2049,67,24,157,141,0,0,0,0,0,0),(2050,67,25,51,160,0,0,0,0,0,0),(2051,67,26,56,158,0,0,0,0,0,0),(2052,67,27,160,56,0,0,0,0,0,0),(2053,67,28,158,51,0,0,0,0,0,0),(2054,67,29,51,56,0,0,0,0,0,0),(2055,67,30,160,158,0,0,0,0,0,0),(2056,67,31,65,139,0,0,0,0,0,0),(2057,67,32,159,140,0,0,0,0,0,0),(2058,67,33,139,159,0,0,0,0,0,0),(2059,67,34,140,65,0,0,0,0,0,0),(2060,67,35,65,159,0,0,0,0,0,0),(2061,67,36,139,140,0,0,0,0,0,0);
/*!40000 ALTER TABLE `game` ENABLE KEYS */;
UNLOCK TABLES;

--
-- Table structure for table `game_type`
--

DROP TABLE IF EXISTS `game_type`;
/*!40101 SET @saved_cs_client     = @@character_set_client */;
/*!40101 SET character_set_client = utf8 */;
CREATE TABLE `game_type` (
  `id` bigint(10) unsigned NOT NULL AUTO_INCREMENT,
  `description` varchar(30) NOT NULL,
  PRIMARY KEY (`id`),
  UNIQUE KEY `id_unique` (`id`)
) ENGINE=InnoDB AUTO_INCREMENT=65 DEFAULT CHARSET=latin1;
/*!40101 SET character_set_client = @saved_cs_client */;

--
-- Dumping data for table `game_type`
--

LOCK TABLES `game_type` WRITE;
/*!40000 ALTER TABLE `game_type` DISABLE KEYS */;
INSERT INTO `game_type` VALUES (1,'Group A 1'),(2,'Group A 2'),(3,'Group A 3'),(4,'Group A 4'),(5,'Group A 5'),(6,'Group A 6'),(7,'Group B 1'),(8,'Group B 2'),(9,'Group B 3'),(10,'Group B 4'),(11,'Group B 5'),(12,'Group B 6'),(13,'Group C 1'),(14,'Group C 2'),(15,'Group C 3'),(16,'Group C 4'),(17,'Group C 5'),(18,'Group C 6'),(19,'Group D 1'),(20,'Group D 2'),(21,'Group D 3'),(22,'Group D 4'),(23,'Group D 5'),(24,'Group D 6'),(25,'Group E 1'),(26,'Group E 2'),(27,'Group E 3'),(28,'Group E 4'),(29,'Group E 5'),(30,'Group E 6'),(31,'Group F 1'),(32,'Group F 2'),(33,'Group F 3'),(34,'Group F 4'),(35,'Group F 5'),(36,'Group F 6'),(37,'Group G 1'),(38,'Group G 2'),(39,'Group G 3'),(40,'Group G 4'),(41,'Group G 5'),(42,'Group G 6'),(43,'Group H 1'),(44,'Group H 2'),(45,'Group H 3'),(46,'Group H 4'),(47,'Group H 5'),(48,'Group H 6'),(49,'Round of Sixteen 1'),(50,'Round of Sixteen 2'),(51,'Round of Sixteen 3'),(52,'Round of Sixteen 4'),(53,'Round of Sixteen 5'),(54,'Round of Sixteen 6'),(55,'Round of Sixteen 7'),(56,'Round of Sixteen 8'),(57,'Quarter Final A'),(58,'Quarter Final B'),(59,'Quarter Final C'),(60,'Quarter Final D'),(61,'Semi Final AD'),(62,'Semi Final BC'),(63,'Third Place Playoff'),(64,'Grand Final');
/*!40000 ALTER TABLE `game_type` ENABLE KEYS */;
UNLOCK TABLES;

--
-- Table structure for table `group_standing`
--

DROP TABLE IF EXISTS `group_standing`;
/*!40101 SET @saved_cs_client     = @@character_set_client */;
/*!40101 SET character_set_client = utf8 */;
CREATE TABLE `group_standing` (
  `id` bigint(10) unsigned NOT NULL AUTO_INCREMENT,
  `championship_id` bigint(10) unsigned NOT NULL,
  `team_id` bigint(10) unsigned NOT NULL,
  `group_type_id` bigint(10) unsigned NOT NULL,
  `num_intra_grp_pos` smallint(5) unsigned DEFAULT NULL,
  `num_extra_grp_pos` smallint(5) unsigned DEFAULT NULL,
  `num_points` int(10) unsigned NOT NULL,
  `num_games` int(10) unsigned NOT NULL,
  `num_wins` int(10) unsigned NOT NULL,
  `num_draws` int(10) unsigned NOT NULL,
  `num_losses` int(10) unsigned NOT NULL,
  `num_scored_goals` int(10) unsigned NOT NULL,
  `num_conceded_goals` int(10) unsigned NOT NULL,
  `num_diff_goals` int(10) NOT NULL,
  PRIMARY KEY (`id`),
  UNIQUE KEY `id_unique` (`id`),
  KEY `fk_group_standing_championship` (`championship_id`),
  KEY `fk_group_standing_team` (`team_id`),
  KEY `fk_group_standing_group_type` (`group_type_id`),
  CONSTRAINT `fk_group_standing_championship` FOREIGN KEY (`championship_id`) REFERENCES `championship` (`id`),
  CONSTRAINT `fk_group_standing_group_type` FOREIGN KEY (`group_type_id`) REFERENCES `group_type` (`id`),
  CONSTRAINT `fk_group_standing_team` FOREIGN KEY (`team_id`) REFERENCES `team` (`id`)
) ENGINE=InnoDB AUTO_INCREMENT=993 DEFAULT CHARSET=latin1;
/*!40101 SET character_set_client = @saved_cs_client */;

--
-- Dumping data for table `group_standing`
--

LOCK TABLES `group_standing` WRITE;
/*!40000 ALTER TABLE `group_standing` DISABLE KEYS */;
INSERT INTO `group_standing` VALUES (2,4,36,1,3,9,4,3,1,1,1,2,1,1),(4,4,37,2,2,8,3,3,0,3,0,2,2,0),(6,4,38,4,4,15,0,3,0,0,3,3,9,-6),(8,4,39,4,2,5,7,3,2,1,0,7,4,3),(10,4,40,2,1,4,7,3,2,1,0,5,3,2),(12,4,41,3,3,12,2,3,0,2,1,2,4,-2),(14,4,42,2,4,13,2,3,0,2,1,3,4,-1),(16,4,43,2,3,11,2,3,0,2,1,4,5,-1),(18,4,44,3,2,7,4,3,1,1,1,4,3,1),(20,4,45,1,1,2,7,3,2,1,0,9,4,5),(22,4,46,1,4,16,0,3,0,0,3,1,9,-8),(24,4,47,1,2,6,5,3,1,2,0,7,5,2),(26,4,73,4,3,10,3,3,1,0,2,2,3,-1),(28,4,74,3,1,1,9,3,3,0,0,7,3,4),(30,4,91,3,4,14,1,3,0,1,2,1,4,-3),(32,4,92,4,1,3,7,3,2,1,0,6,2,4),(34,5,57,2,4,10,1,3,0,1,2,3,6,-3),(36,5,58,1,2,5,6,3,2,0,1,4,3,1),(38,5,60,2,3,7,4,3,1,1,1,5,5,0),(40,5,61,2,1,3,6,3,2,0,1,3,1,2),(42,5,63,1,3,8,4,3,1,1,1,4,5,-1),(44,5,64,1,4,12,0,3,0,0,3,3,8,-5),(46,5,71,3,4,11,0,3,0,0,3,0,4,-4),(48,5,79,3,2,6,4,3,1,1,1,2,2,0),(50,5,80,3,1,1,9,3,3,0,0,6,1,5),(52,5,81,2,2,4,6,3,2,0,1,6,5,1),(54,5,82,3,3,9,4,3,1,1,1,3,4,-1),(56,5,83,1,1,2,7,3,2,1,0,8,3,5),(58,6,49,3,4,10,1,3,0,1,2,4,6,-2),(60,6,50,3,2,5,4,3,1,1,1,6,7,-1),(62,6,51,3,3,7,3,3,0,3,0,5,5,0),(64,6,52,1,4,11,1,3,0,1,2,3,5,-2),(66,6,53,1,1,2,9,3,3,0,0,6,2,4),(68,6,56,2,4,12,1,3,0,1,2,4,8,-4),(70,6,65,2,1,1,9,3,3,0,0,9,3,6),(72,6,68,1,2,6,4,3,1,1,1,2,3,-1),(74,6,93,3,1,3,7,3,2,1,0,9,6,3),(76,6,94,2,3,9,1,3,0,1,2,4,7,-3),(78,6,95,1,3,8,2,3,0,2,1,2,3,-1),(80,6,96,2,2,4,6,3,2,0,1,7,6,1),(82,7,36,2,1,2,7,3,2,1,0,9,4,5),(84,7,37,2,2,8,4,3,1,1,1,3,3,0),(86,7,38,2,3,11,4,3,1,1,1,3,3,0),(88,7,39,1,2,6,6,3,2,0,1,6,5,1),(90,7,40,4,2,5,6,3,2,0,1,8,5,3),(92,7,41,1,4,14,0,3,0,0,3,3,7,-4),(94,7,42,4,1,3,7,3,2,1,0,8,5,3),(96,7,43,4,3,10,4,3,1,1,1,4,3,1),(98,7,44,3,2,7,6,3,2,0,1,4,5,-1),(100,7,45,3,4,15,0,3,0,0,3,4,9,-5),(102,7,46,2,4,13,1,3,0,1,2,2,7,-5),(104,7,47,3,1,1,9,3,3,0,0,12,5,7),(106,7,73,1,3,9,6,3,2,0,1,5,4,1),(108,7,74,3,3,12,3,3,1,0,2,4,5,-1),(110,7,91,4,4,16,0,3,0,0,3,4,11,-7),(112,7,92,1,1,4,6,3,2,0,1,6,4,2),(114,8,39,2,1,3,6,3,2,0,1,4,2,2),(116,8,40,3,2,6,5,3,1,2,0,6,5,1),(118,8,44,2,2,5,6,3,2,0,1,2,1,1),(120,8,47,1,4,12,0,3,0,0,3,2,8,-6),(122,8,48,1,3,8,4,3,1,1,1,5,6,-1),(124,8,84,1,2,4,6,3,2,0,1,6,3,3),(126,8,85,1,1,1,7,3,2,1,0,5,1,4),(128,8,86,3,4,11,1,3,0,1,2,2,7,-5),(130,8,87,3,3,9,3,3,1,0,2,5,3,2),(132,8,88,3,1,2,7,3,2,1,0,6,4,2),(134,8,89,2,4,10,1,3,0,1,2,1,4,-3),(136,8,90,2,3,7,4,3,1,1,1,3,3,0),(138,9,39,2,1,2,4,3,1,1,1,4,3,1),(140,9,58,1,4,8,1,3,0,1,2,3,7,-4),(142,9,79,2,3,6,4,3,1,1,1,3,4,-1),(144,9,80,1,1,1,7,3,2,1,0,7,3,4),(146,9,83,1,2,4,4,3,1,1,1,6,6,0),(148,9,84,2,4,7,3,3,0,3,0,5,5,0),(150,9,85,1,3,5,4,3,1,1,1,4,4,0),(152,9,88,2,2,3,4,3,1,1,1,6,6,0),(154,20,57,3,1,2,7,3,2,1,0,9,6,3),(156,20,58,1,2,6,3,3,1,0,2,5,5,0),(158,20,59,3,2,4,7,3,2,1,0,6,4,2),(160,20,60,1,1,1,9,3,3,0,0,10,2,8),(162,20,61,2,4,10,3,3,1,0,2,3,6,-3),(164,20,63,2,1,3,6,3,2,0,1,9,3,6),(166,20,71,1,3,9,3,3,1,0,2,3,6,-3),(168,20,79,3,3,8,3,3,1,0,2,3,4,-1),(170,20,80,2,2,5,4,3,1,1,1,4,4,0),(172,20,81,2,3,7,4,3,1,1,1,2,5,-3),(174,20,82,1,4,11,3,3,1,0,2,4,9,-5),(176,20,83,3,4,12,0,3,0,0,3,2,6,-4),(178,21,37,1,3,8,3,3,0,3,0,3,3,0),(180,21,39,1,1,2,7,3,2,1,0,6,2,4),(182,21,45,2,2,5,4,3,1,1,1,5,5,0),(184,21,47,2,3,7,4,3,1,1,1,4,5,-1),(186,21,48,3,4,11,2,3,0,2,1,3,4,-1),(188,21,84,2,1,3,4,3,1,1,1,6,5,1),(190,21,85,3,1,1,7,3,2,1,0,6,2,4),(192,21,86,1,2,6,4,3,1,1,1,5,6,-1),(194,21,87,2,4,10,3,3,0,3,0,5,5,0),(196,21,88,3,3,9,3,3,1,0,2,4,8,-4),(198,21,89,3,2,4,4,3,1,1,1,4,3,1),(200,21,90,1,4,12,1,3,0,1,2,1,4,-3),(202,22,45,1,2,3,6,3,2,0,1,5,4,1),(204,22,58,2,1,1,7,3,2,1,0,8,5,3),(206,22,59,1,4,8,0,3,0,0,3,1,4,-3),(208,22,60,2,2,4,6,3,2,0,1,2,2,0),(210,22,81,1,3,5,4,3,1,1,1,7,7,0),(212,22,85,1,1,2,7,3,2,1,0,6,4,2),(214,22,86,2,3,6,3,3,1,0,2,4,5,-1),(216,22,88,2,4,7,1,3,0,1,2,4,6,-2),(218,23,49,1,1,3,5,3,1,2,0,7,5,2),(220,23,50,1,2,6,4,3,1,1,1,5,5,0),(222,23,51,3,4,11,1,3,0,1,2,3,7,-4),(224,23,52,2,3,9,4,3,1,1,1,4,6,-2),(226,23,53,2,2,5,4,3,1,1,1,6,5,1),(228,23,56,2,1,1,9,3,3,0,0,9,4,5),(230,23,65,1,3,7,4,3,1,1,1,4,4,0),(232,23,68,3,1,2,7,3,2,1,0,7,3,4),(234,23,93,3,3,8,4,3,1,1,1,5,6,-1),(236,23,94,3,2,4,4,3,1,1,1,6,5,1),(238,23,95,1,4,10,3,3,1,0,2,3,5,-2),(240,23,96,2,4,12,0,3,0,0,3,5,9,-4),(242,36,36,1,3,12,3,3,0,3,0,6,6,0),(244,36,37,4,3,11,3,3,1,0,2,5,6,-1),(246,36,38,1,2,7,4,3,1,1,1,4,4,0),(248,36,39,2,2,8,4,3,1,1,1,3,3,0),(250,36,40,3,3,9,4,3,1,1,1,5,4,1),(252,36,41,2,1,2,7,3,2,1,0,6,2,4),(254,36,42,3,4,14,2,3,0,2,1,4,7,-3),(256,36,43,4,4,16,1,3,0,1,2,3,6,-3),(258,36,44,4,1,1,7,3,2,1,0,7,3,4),(260,36,45,3,2,6,4,3,1,1,1,6,5,1),(262,36,46,1,4,13,2,3,0,2,1,3,4,-1),(264,36,47,1,1,4,5,3,1,2,0,1,0,1),(266,36,73,2,3,10,4,3,1,1,1,5,7,-2),(268,36,74,2,4,15,1,3,0,1,2,4,6,-2),(270,36,91,4,2,5,6,3,2,0,1,5,5,0),(272,36,92,3,1,3,5,3,1,2,0,3,2,1),(274,37,57,1,4,10,3,3,1,0,2,4,4,0),(276,37,58,1,1,3,6,3,2,0,1,5,3,2),(278,37,59,2,2,5,4,3,1,1,1,6,5,1),(280,37,60,1,3,7,4,3,1,1,1,2,4,-2),(282,37,61,3,3,8,3,3,1,0,2,2,3,-1),(284,37,63,2,4,11,2,3,0,2,1,4,8,-4),(286,37,64,2,1,2,7,3,2,1,0,7,2,5),(288,37,71,3,4,12,0,3,0,0,3,1,7,-6),(290,37,79,1,2,6,4,3,1,1,1,2,2,0),(292,37,80,3,2,4,6,3,2,0,1,6,5,1),(294,37,81,2,3,9,2,3,0,2,1,4,6,-2),(296,37,82,3,1,1,9,3,3,0,0,8,2,6),(298,39,39,3,2,4,6,3,2,0,1,8,5,3),(300,39,41,1,4,11,1,3,0,1,2,4,7,-3),(302,39,45,1,3,8,3,3,1,0,2,3,4,-1),(304,39,48,1,1,1,7,3,2,1,0,8,5,3),(306,39,84,2,4,10,2,3,0,2,1,3,4,-1),(308,39,85,1,2,5,6,3,2,0,1,7,6,1),(310,39,86,3,3,7,3,3,1,0,2,7,7,0),(312,39,87,2,2,6,5,3,1,2,0,5,4,1),(314,39,88,3,1,2,7,3,2,1,0,8,6,2),(316,39,89,2,3,9,2,3,0,2,1,3,4,-1),(318,39,90,2,1,3,6,3,2,0,1,6,5,1),(320,39,91,3,4,12,1,3,0,1,2,2,7,-5),(322,41,45,2,4,8,1,3,0,1,2,4,7,-3),(324,41,59,1,4,7,3,3,1,0,2,2,7,-5),(326,41,60,2,1,1,9,3,3,0,0,7,3,4),(328,41,61,1,2,3,6,3,2,0,1,6,4,2),(330,41,79,2,2,4,4,3,1,1,1,6,5,1),(332,41,85,1,1,2,6,3,2,0,1,6,3,3),(334,41,86,2,3,6,3,3,1,0,2,4,6,-2),(336,41,87,1,3,5,3,3,1,0,2,3,3,0),(338,42,49,2,1,1,7,3,2,1,0,4,1,3),(340,42,50,3,3,7,6,3,2,0,1,7,6,1),(342,42,51,1,1,3,5,3,1,2,0,5,4,1),(344,42,52,1,3,9,3,3,0,3,0,3,3,0),(346,42,53,2,2,5,5,3,1,2,0,5,4,1),(348,42,56,3,4,12,0,3,0,0,3,5,10,-5),(350,42,65,3,2,4,6,3,2,0,1,5,3,2),(352,42,68,2,4,11,1,3,0,1,2,3,6,-3),(354,42,93,1,2,6,4,3,1,1,1,4,3,1),(356,42,94,3,1,2,6,3,2,0,1,6,4,2),(358,42,95,1,4,10,2,3,0,2,1,3,5,-2),(360,42,96,2,3,8,3,3,1,0,2,2,3,-1),(362,43,36,2,1,2,7,3,2,1,0,9,3,6),(364,43,37,1,4,13,3,3,1,0,2,3,5,-2),(366,43,38,3,4,16,1,3,0,1,2,1,5,-4),(368,43,39,1,1,4,5,3,1,2,0,8,7,1),(370,43,40,2,4,14,2,3,0,2,1,5,8,-3),(372,43,41,4,4,15,1,3,0,1,2,4,7,-3),(374,43,42,1,2,6,4,3,1,1,1,5,4,1),(376,43,44,4,3,11,3,3,1,0,2,5,6,-1),(378,43,45,3,3,10,4,3,1,1,1,4,5,-1),(380,43,46,4,2,7,4,3,1,1,1,3,3,0),(382,43,47,2,2,8,4,3,1,1,1,4,6,-2),(384,43,73,3,2,5,5,3,1,2,0,2,1,1),(386,43,74,2,3,12,2,3,0,2,1,5,6,-1),(388,43,91,3,1,3,6,3,2,0,1,6,2,4),(390,43,92,4,1,1,9,3,3,0,0,8,4,4),(392,43,110,1,3,9,4,3,1,1,1,4,4,0),(394,48,57,1,4,12,0,3,0,0,3,3,6,-3),(396,48,58,3,1,3,5,3,1,2,0,6,3,3),(398,48,59,2,1,1,7,3,2,1,0,7,1,6),(400,48,60,3,4,10,2,3,0,2,1,2,4,-2),(402,48,61,2,2,5,4,3,1,1,1,2,2,0),(404,48,63,3,2,6,4,3,1,1,1,4,5,-1),(406,48,64,3,3,9,3,3,0,3,0,3,3,0),(408,48,79,1,3,7,6,3,2,0,1,4,4,0),(410,48,80,2,3,8,4,3,1,1,1,4,6,-2),(412,48,81,1,1,2,6,3,2,0,1,4,2,2),(414,48,82,2,4,11,1,3,0,1,2,1,5,-4),(416,48,83,1,2,4,6,3,2,0,1,6,5,1),(418,49,42,2,2,6,4,3,1,1,1,2,1,1),(420,49,46,2,4,10,2,3,0,2,1,1,2,-1),(422,49,47,1,1,3,5,3,1,2,0,8,5,3),(424,49,48,1,2,5,5,3,1,2,0,6,5,1),(426,49,73,2,3,8,3,3,1,0,2,2,4,-2),(428,49,85,1,3,7,4,3,1,1,1,5,7,-2),(430,49,86,3,3,9,2,3,0,2,1,2,5,-3),(432,49,87,3,2,4,5,3,1,2,0,5,3,2),(434,49,88,2,1,2,7,3,2,1,0,4,2,2),(436,49,89,3,4,12,1,3,0,1,2,1,4,-3),(438,49,90,1,4,11,1,3,0,1,2,6,8,-2),(440,49,109,3,1,1,7,3,2,1,0,6,2,4),(442,50,47,1,2,4,4,3,1,1,1,6,6,0),(444,50,48,1,1,1,7,3,2,1,0,9,7,2),(446,50,61,1,4,7,3,3,1,0,2,7,8,-1),(448,50,63,2,3,5,4,3,1,1,1,3,3,0),(450,50,79,1,3,6,3,3,1,0,2,9,10,-1),(452,50,81,2,2,3,4,3,1,1,1,5,4,1),(454,50,85,2,1,2,5,3,1,2,0,7,6,1),(456,50,109,2,4,8,2,3,0,2,1,5,7,-2),(458,51,49,1,2,4,6,3,2,0,1,4,2,2),(460,51,50,1,1,3,7,3,2,1,0,7,5,2),(462,51,51,2,2,6,4,3,1,1,1,7,5,2),(464,51,52,3,3,8,4,3,1,1,1,4,3,1),(466,51,53,3,4,12,0,3,0,0,3,2,8,-6),(468,51,56,1,4,11,0,3,0,0,3,2,7,-5),(470,51,65,2,1,2,7,3,2,1,0,7,5,2),(472,51,68,3,2,5,6,3,2,0,1,3,5,-2),(474,51,93,2,3,9,4,3,1,1,1,3,3,0),(476,51,94,3,1,1,7,3,2,1,0,8,1,7),(478,51,95,2,4,10,1,3,0,1,2,1,5,-4),(480,51,96,1,3,7,4,3,1,1,1,4,3,1),(482,52,36,1,1,3,6,3,2,0,1,8,5,3),(484,52,37,5,1,4,6,3,2,0,1,12,10,2),(486,52,38,1,2,7,6,3,2,0,1,7,4,3),(488,52,39,1,4,18,1,3,0,1,2,4,10,-6),(490,52,40,4,4,16,3,3,1,0,2,4,6,-2),(492,52,41,2,2,6,7,3,2,1,0,9,4,5),(494,52,42,4,3,13,3,3,1,0,2,4,4,0),(496,52,43,3,3,14,3,3,1,0,2,3,4,-1),(498,52,44,2,1,2,7,3,2,1,0,7,1,6),(500,52,45,4,1,5,6,3,2,0,1,5,4,1),(502,52,46,2,4,20,0,3,0,0,3,2,9,-7),(504,52,47,5,2,8,6,3,2,0,1,10,8,2),(506,52,73,1,3,12,4,3,1,1,1,6,6,0),(508,52,74,3,2,10,4,3,1,1,1,5,5,0),(510,52,91,5,4,19,0,3,0,0,3,3,9,-6),(512,52,92,3,1,1,9,3,3,0,0,6,2,4),(514,52,110,3,4,17,1,3,0,1,2,2,5,-3),(516,52,113,2,3,15,3,3,1,0,2,4,8,-4),(518,52,114,4,2,9,6,3,2,0,1,4,3,1),(520,52,115,5,3,11,6,3,2,0,1,9,7,2),(522,53,57,4,2,7,6,3,2,0,1,5,4,1),(524,53,58,1,3,9,6,3,2,0,1,8,7,1),(526,53,59,1,1,3,6,3,2,0,1,9,6,3),(528,53,60,4,3,10,4,3,1,1,1,6,5,1),(530,53,61,2,3,11,3,3,1,0,2,3,4,-1),(532,53,63,2,1,1,9,3,3,0,0,7,3,4),(534,53,64,4,1,4,6,3,2,0,1,5,3,2),(536,53,71,2,4,15,0,3,0,0,3,3,6,-3),(538,53,79,3,1,2,7,3,2,1,0,8,5,3),(540,53,80,4,4,13,1,3,0,1,2,4,8,-4),(542,53,81,3,2,5,6,3,2,0,1,8,5,3),(544,53,82,3,3,12,2,3,0,2,1,7,9,-2),(546,53,83,2,2,8,6,3,2,0,1,4,4,0),(548,53,119,1,2,6,6,3,2,0,1,8,6,2),(550,53,120,3,4,14,1,3,0,1,2,2,6,-4),(552,53,121,1,4,16,0,3,0,0,3,3,9,-6),(554,54,36,1,1,2,7,3,2,1,0,10,6,4),(556,54,38,4,2,5,6,3,2,0,1,7,6,1),(558,54,45,1,4,15,1,3,0,1,2,5,9,-4),(560,54,48,3,1,3,7,3,2,1,0,6,2,4),(562,54,84,2,2,7,4,3,1,1,1,5,3,2),(564,54,85,2,1,1,9,3,3,0,0,12,5,7),(566,54,86,3,3,10,3,3,1,0,2,5,6,-1),(568,54,87,2,4,16,1,3,0,1,2,4,10,-6),(570,54,88,4,3,9,3,3,1,0,2,5,6,-1),(572,54,89,2,3,12,3,3,1,0,2,5,8,-3),(574,54,90,1,3,11,3,3,1,0,2,6,8,-2),(576,54,92,4,4,13,3,3,1,0,2,8,10,-2),(578,54,109,3,2,8,4,3,1,1,1,3,4,-1),(580,54,116,4,1,4,6,3,2,0,1,12,10,2),(582,54,117,1,2,6,5,3,1,2,0,8,6,2),(584,54,118,3,4,14,3,3,1,0,2,4,6,-2),(586,55,47,1,1,1,9,3,3,0,0,8,4,4),(588,55,48,2,3,5,4,3,1,1,1,4,4,0),(590,55,57,1,3,6,1,3,0,1,2,4,6,-2),(592,55,59,2,4,7,3,3,1,0,2,2,7,-5),(594,55,63,1,2,3,6,3,2,0,1,6,5,1),(596,55,64,2,2,4,4,3,1,1,1,4,4,0),(598,55,84,1,4,8,1,3,0,1,2,1,4,-3),(600,55,85,2,1,2,5,3,1,2,0,8,3,5),(602,56,49,1,3,11,6,3,2,0,1,7,6,1),(604,56,50,3,1,2,7,3,2,1,0,5,1,4),(606,56,51,1,4,20,0,3,0,0,3,4,12,-8),(608,56,52,4,3,12,4,3,1,1,1,1,1,0),(610,56,53,2,1,3,7,3,2,1,0,6,4,2),(612,56,56,3,3,13,3,3,1,0,2,6,5,1),(614,56,65,5,2,10,3,3,1,0,2,5,5,0),(616,56,68,3,2,7,5,3,1,2,0,3,2,1),(618,56,93,4,2,9,4,3,1,1,1,4,3,1),(620,56,94,1,1,4,6,3,2,0,1,8,4,4),(622,56,95,2,4,18,2,3,0,2,1,2,4,-2),(624,56,96,2,3,14,3,3,1,0,2,4,5,-1),(626,56,138,4,1,5,6,3,2,0,1,4,1,3),(628,56,139,5,4,16,3,3,1,0,2,4,7,-3),(630,56,140,1,2,6,6,3,2,0,1,6,3,3),(632,56,141,3,4,19,1,3,0,1,2,3,9,-6),(634,56,142,5,1,1,9,3,3,0,0,7,1,6),(636,56,143,2,2,8,4,3,1,1,1,4,3,1),(638,56,144,5,3,15,3,3,1,0,2,4,7,-3),(640,56,145,4,4,17,3,3,1,0,2,1,5,-4),(642,57,36,4,1,1,9,3,3,0,0,10,2,8),(644,57,37,3,1,3,7,3,2,1,0,9,5,4),(646,57,38,6,1,6,5,3,1,2,0,8,3,5),(648,57,39,1,4,19,3,3,1,0,2,3,5,-2),(650,57,40,5,1,4,7,3,2,1,0,8,4,4),(652,57,41,2,4,23,1,3,0,1,2,4,10,-6),(654,57,42,6,2,12,3,3,0,3,0,8,8,0),(656,57,43,1,3,15,3,3,1,0,2,5,7,-2),(658,57,44,3,3,14,3,3,1,0,2,6,7,-1),(660,57,45,5,2,8,6,3,2,0,1,8,3,5),(662,57,46,2,3,18,1,3,0,1,2,2,4,-2),(664,57,47,2,1,2,7,3,2,1,0,8,3,5),(666,57,73,3,4,20,2,3,0,2,1,3,6,-3),(668,57,74,1,1,5,6,3,2,0,1,9,5,4),(670,57,91,2,2,7,7,3,2,1,0,6,3,3),(672,57,92,6,3,17,3,3,0,3,0,5,5,0),(674,57,110,4,2,10,4,3,1,1,1,6,3,3),(676,57,113,5,3,16,3,3,1,0,2,2,8,-6),(678,57,114,5,4,22,1,3,0,1,2,2,5,-3),(680,57,115,6,4,21,2,3,0,2,1,4,9,-5),(682,57,124,1,2,9,6,3,2,0,1,5,5,0),(684,57,125,4,4,24,0,3,0,0,3,0,12,-12),(686,57,126,4,3,13,4,3,1,1,1,5,4,1),(688,57,127,3,2,11,4,3,1,1,1,3,3,0),(690,58,37,1,1,1,9,3,3,0,0,10,5,5),(692,58,47,5,3,11,4,3,1,1,1,6,4,2),(694,58,48,3,2,10,4,3,1,1,1,3,3,0),(696,58,84,5,1,2,7,3,2,1,0,7,3,4),(698,58,85,2,2,6,6,3,2,0,1,8,6,2),(700,58,86,1,2,9,4,3,1,1,1,5,4,1),(702,58,87,2,4,18,1,3,0,1,2,2,4,-2),(704,58,88,4,3,14,3,3,1,0,2,3,4,-1),(706,58,89,3,3,12,4,3,1,1,1,2,2,0),(708,58,90,4,4,17,3,3,1,0,2,3,5,-2),(710,58,109,5,4,20,0,3,0,0,3,0,7,-7),(712,58,113,3,1,5,4,3,1,1,1,3,3,0),(714,58,116,1,3,13,4,3,1,1,1,6,7,-1),(716,58,117,4,2,8,6,3,2,0,1,3,2,1),(718,58,118,5,2,7,6,3,2,0,1,4,3,1),(720,58,126,3,4,16,4,3,1,1,1,2,2,0),(722,58,128,2,3,15,2,3,0,2,1,5,7,-2),(724,58,129,4,1,4,6,3,2,0,1,4,2,2),(726,58,130,2,1,3,7,3,2,1,0,8,6,2),(728,58,131,1,4,19,0,3,0,0,3,3,8,-5),(730,59,57,3,2,8,6,3,2,0,1,7,3,4),(732,59,58,5,3,15,3,3,1,0,2,7,8,-1),(734,59,59,1,2,9,6,3,2,0,1,7,7,0),(736,59,60,6,4,19,3,3,1,0,2,7,10,-3),(738,59,61,1,4,22,1,3,0,1,2,3,6,-3),(740,59,63,3,1,3,7,3,2,1,0,8,5,3),(742,59,64,4,3,18,2,3,0,2,1,2,3,-1),(744,59,71,1,3,14,4,3,1,1,1,5,5,0),(746,59,79,4,2,10,5,3,1,2,0,2,1,1),(748,59,80,2,4,23,0,3,0,0,3,0,8,-8),(750,59,81,6,3,16,3,3,1,0,2,4,5,-1),(752,59,82,3,3,13,4,3,1,1,1,8,5,3),(754,59,83,5,4,20,3,3,1,0,2,6,10,-4),(756,59,119,5,2,11,4,3,1,1,1,6,4,2),(758,59,120,2,3,17,3,3,1,0,2,2,5,-3),(760,59,121,3,4,24,0,3,0,0,3,1,11,-10),(762,59,122,2,2,7,6,3,2,0,1,8,3,5),(764,59,123,2,1,1,9,3,3,0,0,8,2,6),(766,59,132,1,1,5,6,3,2,0,1,7,4,3),(768,59,133,6,1,2,7,3,2,1,0,5,1,4),(770,59,134,4,1,6,5,3,1,2,0,4,3,1),(772,59,135,6,2,12,4,3,1,1,1,7,7,0),(774,59,136,5,1,4,7,3,2,1,0,8,5,3),(776,59,137,4,4,21,2,3,0,2,1,2,3,-1),(778,60,37,1,1,2,6,3,2,0,1,8,4,4),(780,60,79,2,3,6,3,3,1,0,2,6,5,1),(782,60,81,1,2,3,5,3,1,2,0,5,4,1),(784,60,85,1,3,5,4,3,1,1,1,5,5,0),(786,60,118,2,2,4,4,3,1,1,1,7,7,0),(788,60,119,2,1,1,9,3,3,0,0,5,2,3),(790,60,130,2,4,7,1,3,0,1,2,5,9,-4),(792,60,135,1,4,8,1,3,0,1,2,3,8,-5),(794,61,49,2,2,6,6,3,2,0,1,7,3,4),(796,61,50,1,1,1,9,3,3,0,0,9,2,7),(798,61,51,2,1,3,7,3,2,1,0,8,4,4),(800,61,52,1,2,9,4,3,1,1,1,3,3,0),(802,61,53,5,1,4,7,3,2,1,0,8,4,4),(804,61,56,3,3,11,3,3,1,0,2,5,4,1),(806,61,65,4,3,14,2,3,0,2,1,3,4,-1),(808,61,68,4,1,5,7,3,2,1,0,5,1,4),(810,61,93,3,2,10,4,3,1,1,1,5,6,-1),(812,61,94,5,2,8,4,3,1,1,1,9,7,2),(814,61,95,3,4,18,1,3,0,1,2,4,9,-5),(816,61,96,4,2,7,5,3,1,2,0,7,4,3),(818,61,138,3,1,2,9,3,3,0,0,9,4,5),(820,61,139,2,4,16,1,3,0,1,2,5,9,-4),(822,61,140,1,4,17,1,3,0,1,2,2,6,-4),(824,61,141,5,3,13,3,3,0,3,0,6,6,0),(826,61,142,2,3,12,3,3,1,0,2,4,8,-4),(828,61,143,4,4,20,1,3,0,1,2,2,8,-6),(830,61,144,5,4,19,1,3,0,1,2,4,10,-6),(832,61,145,1,3,15,2,3,0,2,1,1,4,-3),(834,63,36,6,3,17,3,3,1,0,2,3,7,-4),(836,63,37,6,4,20,2,3,0,2,1,3,4,-1),(838,63,38,6,1,2,7,3,2,1,0,9,2,7),(840,63,39,2,3,14,4,3,1,1,1,3,5,-2),(842,63,40,1,2,8,5,3,1,2,0,6,4,2),(844,63,41,5,3,18,2,3,0,2,1,0,1,-1),(846,63,42,3,4,24,0,3,0,0,3,0,7,-7),(848,63,43,4,2,9,5,3,1,2,0,3,2,1),(850,63,44,3,1,3,7,3,2,1,0,9,5,4),(852,63,45,5,1,1,9,3,3,0,0,6,1,5),(854,63,46,4,4,22,1,3,0,1,2,3,8,-5),(856,63,47,4,1,5,5,3,1,2,0,8,5,3),(858,63,73,1,4,21,1,3,0,1,2,5,7,-2),(860,63,74,5,4,23,1,3,0,1,2,1,7,-6),(862,63,91,4,3,13,4,3,1,1,1,4,3,1),(864,63,92,1,3,16,3,3,1,0,2,7,9,-2),(866,63,110,2,1,6,5,3,1,2,0,4,3,1),(868,63,113,3,2,7,7,3,2,1,0,5,2,3),(870,63,114,2,4,19,2,3,0,2,1,3,4,-1),(872,63,115,6,2,12,4,3,1,1,1,4,6,-2),(874,63,124,5,2,11,4,3,1,1,1,4,2,2),(876,63,125,3,3,15,3,3,1,0,2,5,5,0),(878,63,126,1,1,4,7,3,2,1,0,9,7,2),(880,63,127,2,2,10,4,3,1,1,1,7,5,2),(882,64,40,4,1,2,9,3,3,0,0,7,1,6),(884,64,48,2,1,5,6,3,2,0,1,8,3,5),(886,64,84,1,1,6,6,3,2,0,1,8,5,3),(888,64,85,5,1,1,9,3,3,0,0,8,2,6),(890,64,86,6,2,9,6,3,2,0,1,8,5,3),(892,64,88,3,1,3,7,3,2,1,0,7,2,5),(894,64,89,3,4,23,0,3,0,0,3,5,9,-4),(896,64,92,1,2,11,6,3,2,0,1,7,6,1),(898,64,110,6,3,16,3,3,1,0,2,5,8,-3),(900,64,116,1,3,13,3,3,1,0,2,8,5,3),(902,64,117,4,2,10,6,3,2,0,1,6,4,2),(904,64,118,2,2,12,6,3,2,0,1,3,4,-1),(906,64,125,5,4,22,1,3,0,1,2,2,8,-6),(908,64,126,1,4,20,3,3,1,0,2,3,10,-7),(910,64,127,5,2,8,6,3,2,0,1,6,2,4),(912,64,128,6,1,4,7,3,2,1,0,7,3,4),(914,64,129,3,3,17,3,3,1,0,2,3,8,-5),(916,64,130,4,3,15,3,3,1,0,2,3,5,-2),(918,64,150,4,4,24,0,3,0,0,3,1,7,-6),(920,64,151,6,4,21,1,3,0,1,2,4,8,-4),(922,64,152,2,4,19,3,3,1,0,2,2,5,-3),(924,64,153,5,3,18,1,3,0,1,2,5,9,-4),(926,64,155,2,3,14,3,3,1,0,2,3,4,-1),(928,64,156,3,2,7,7,3,2,1,0,7,3,4),(930,65,57,1,1,6,5,3,1,2,0,7,5,2),(932,65,58,5,3,18,2,3,0,2,1,6,8,-2),(934,65,59,3,2,10,4,3,1,1,1,6,5,1),(936,65,60,4,1,1,9,3,3,0,0,8,3,5),(938,65,63,1,4,20,2,3,0,2,1,4,5,-1),(940,65,64,5,2,9,5,3,1,2,0,7,5,2),(942,65,71,5,4,22,2,3,0,2,1,2,5,-3),(944,65,79,2,1,2,6,3,2,0,1,6,3,3),(946,65,81,6,1,4,6,3,2,0,1,2,1,1),(948,65,82,1,3,17,3,3,0,3,0,6,6,0),(950,65,119,3,3,15,4,3,1,1,1,4,5,-1),(952,65,120,2,2,8,6,3,2,0,1,4,4,0),(954,65,122,6,4,21,2,3,0,2,1,2,3,-1),(956,65,123,3,4,19,3,3,1,0,2,2,3,-1),(958,65,132,5,1,5,5,3,1,2,0,6,3,3),(960,65,133,6,2,11,4,3,1,1,1,3,3,0),(962,65,134,4,4,24,0,3,0,0,3,1,5,-4),(964,65,135,3,1,3,6,3,2,0,1,5,4,1),(966,65,136,6,3,14,4,3,1,1,1,3,3,0),(968,65,137,1,2,12,4,3,1,1,1,2,3,-1),(970,65,146,2,3,13,6,3,2,0,1,3,3,0),(972,65,147,2,4,23,0,3,0,0,3,2,5,-3),(974,65,148,4,2,7,6,3,2,0,1,8,4,4),(976,65,149,4,3,16,3,3,1,0,2,3,8,-5),(978,66,59,2,3,6,4,3,1,1,1,2,2,0),(980,66,81,1,2,4,4,3,1,1,1,5,4,1),(982,66,86,1,3,5,4,3,1,1,1,3,3,0),(984,66,117,1,1,1,7,3,2,1,0,5,3,2),(986,66,118,1,4,7,1,3,0,1,2,3,6,-3),(988,66,119,2,1,2,7,3,2,1,0,4,2,2),(990,66,136,2,2,3,5,3,1,2,0,3,1,2),(992,66,155,2,4,8,0,3,0,0,3,2,6,-4);
/*!40000 ALTER TABLE `group_standing` ENABLE KEYS */;
UNLOCK TABLES;

--
-- Table structure for table `group_type`
--

DROP TABLE IF EXISTS `group_type`;
/*!40101 SET @saved_cs_client     = @@character_set_client */;
/*!40101 SET character_set_client = utf8 */;
CREATE TABLE `group_type` (
  `id` bigint(10) unsigned NOT NULL AUTO_INCREMENT,
  `description` varchar(10) NOT NULL,
  PRIMARY KEY (`id`),
  UNIQUE KEY `id_unique` (`id`)
) ENGINE=InnoDB AUTO_INCREMENT=9 DEFAULT CHARSET=latin1;
/*!40101 SET character_set_client = @saved_cs_client */;

--
-- Dumping data for table `group_type`
--

LOCK TABLES `group_type` WRITE;
/*!40000 ALTER TABLE `group_type` DISABLE KEYS */;
INSERT INTO `group_type` VALUES (1,'Group A'),(2,'Group B'),(3,'Group C'),(4,'Group D'),(5,'Group E'),(6,'Group F'),(7,'Group G'),(8,'Group H');
/*!40000 ALTER TABLE `group_type` ENABLE KEYS */;
UNLOCK TABLES;

--
-- Table structure for table `mm_unif_rk_type_champ_type`
--

DROP TABLE IF EXISTS `mm_unif_rk_type_champ_type`;
/*!40101 SET @saved_cs_client     = @@character_set_client */;
/*!40101 SET character_set_client = utf8 */;
CREATE TABLE `mm_unif_rk_type_champ_type` (
  `unified_ranking_type_id` bigint(10) unsigned NOT NULL,
  `championship_type_id` bigint(10) unsigned NOT NULL,
  PRIMARY KEY (`unified_ranking_type_id`,`championship_type_id`),
  KEY `fk_unif_rk_type_champ_type_champ_type` (`championship_type_id`),
  KEY `fk_unif_rk_type_champ_type_unif_rk_type` (`unified_ranking_type_id`),
  CONSTRAINT `fk_unif_rk_type_champ_type_champ_type` FOREIGN KEY (`championship_type_id`) REFERENCES `championship_type` (`id`),
  CONSTRAINT `fk_unif_rk_type_champ_type_unif_rk_type` FOREIGN KEY (`unified_ranking_type_id`) REFERENCES `unified_ranking_type` (`id`)
) ENGINE=InnoDB DEFAULT CHARSET=latin1;
/*!40101 SET character_set_client = @saved_cs_client */;

--
-- Dumping data for table `mm_unif_rk_type_champ_type`
--

LOCK TABLES `mm_unif_rk_type_champ_type` WRITE;
/*!40000 ALTER TABLE `mm_unif_rk_type_champ_type` DISABLE KEYS */;
INSERT INTO `mm_unif_rk_type_champ_type` VALUES (1,1),(1,2),(2,2),(4,2),(5,2),(7,2),(9,2),(13,2),(3,3),(4,3),(6,3),(8,3),(10,3),(11,3),(12,3),(1,4),(2,4),(3,4),(4,4),(5,4),(6,4),(7,4),(8,4),(9,4),(10,4),(11,4),(12,4),(13,4),(14,5),(18,5),(15,6),(18,6),(14,7),(15,7),(16,7),(17,7),(18,7);
/*!40000 ALTER TABLE `mm_unif_rk_type_champ_type` ENABLE KEYS */;
UNLOCK TABLES;

--
-- Table structure for table `mm_unif_rk_type_country`
--

DROP TABLE IF EXISTS `mm_unif_rk_type_country`;
/*!40101 SET @saved_cs_client     = @@character_set_client */;
/*!40101 SET character_set_client = utf8 */;
CREATE TABLE `mm_unif_rk_type_country` (
  `unified_ranking_type_id` bigint(10) unsigned NOT NULL,
  `country_id` bigint(10) unsigned NOT NULL,
  PRIMARY KEY (`unified_ranking_type_id`,`country_id`),
  KEY `fk_unif_rk_type_country_country` (`country_id`),
  KEY `fk_unif_rk_type_country_unif_rk_type` (`unified_ranking_type_id`),
  CONSTRAINT `fk_unif_rk_type_country_country` FOREIGN KEY (`country_id`) REFERENCES `country` (`id`),
  CONSTRAINT `fk_unif_rk_type_country_unif_rk_type` FOREIGN KEY (`unified_ranking_type_id`) REFERENCES `unified_ranking_type` (`id`)
) ENGINE=InnoDB DEFAULT CHARSET=latin1;
/*!40101 SET character_set_client = @saved_cs_client */;

--
-- Dumping data for table `mm_unif_rk_type_country`
--

LOCK TABLES `mm_unif_rk_type_country` WRITE;
/*!40000 ALTER TABLE `mm_unif_rk_type_country` DISABLE KEYS */;
INSERT INTO `mm_unif_rk_type_country` VALUES (3,1),(4,1),(10,1),(15,1),(18,1),(17,2),(2,3),(4,3),(7,3),(14,3),(18,3),(3,4),(4,4),(15,4),(18,4),(1,6),(2,6),(4,6),(5,6),(14,6),(18,6),(4,7),(16,7),(18,7),(2,8),(4,8),(14,8),(18,8),(2,9),(4,9),(9,9),(14,9),(18,9),(4,10),(17,10),(18,10),(3,11),(4,11),(15,11),(18,11),(2,12),(4,12),(14,12),(18,12),(3,13),(4,13),(15,13),(18,13),(3,14),(4,14),(11,14),(15,14),(18,14),(14,15),(3,16),(4,16),(15,16),(18,16),(3,17),(4,17),(15,17),(18,17),(3,18),(4,18),(15,18),(18,18),(3,19),(4,19),(8,19),(15,19),(18,19),(3,20),(4,20),(6,20),(15,20),(18,20),(2,21),(4,21),(14,21),(18,21),(4,22),(16,22),(18,22),(2,23),(4,23),(14,23),(18,23),(2,24),(4,24),(14,24),(18,24),(15,25),(3,26),(4,26),(12,26),(15,26),(18,26),(3,28),(4,28),(15,28),(18,28),(3,29),(4,29),(15,29),(18,29),(2,31),(4,31),(13,31),(14,31),(18,31);
/*!40000 ALTER TABLE `mm_unif_rk_type_country` ENABLE KEYS */;
UNLOCK TABLES;

--
-- Table structure for table `ranking`
--

DROP TABLE IF EXISTS `ranking`;
/*!40101 SET @saved_cs_client     = @@character_set_client */;
/*!40101 SET character_set_client = utf8 */;
CREATE TABLE `ranking` (
  `id` bigint(10) unsigned NOT NULL AUTO_INCREMENT,
  `championship_type_id` bigint(10) unsigned NOT NULL,
  `team_id` bigint(10) unsigned NOT NULL,
  `num_ranking_pos` smallint(5) unsigned NOT NULL,
  `num_best_pos` smallint(5) unsigned NOT NULL,
  `num_worst_pos` smallint(5) unsigned NOT NULL,
  `num_avg_pos` double(15,5) unsigned NOT NULL,
  `num_participations` int(10) unsigned NOT NULL,
  `num_championships` int(10) unsigned NOT NULL,
  `num_ranking_points` int(10) unsigned NOT NULL,
  `num_points` int(10) unsigned NOT NULL,
  `num_games` int(10) unsigned NOT NULL,
  `num_wins` int(10) unsigned NOT NULL,
  `num_draws` int(10) unsigned NOT NULL,
  `num_losses` int(10) unsigned NOT NULL,
  `num_scored_goals` int(10) unsigned NOT NULL,
  `num_conceded_goals` int(10) unsigned NOT NULL,
  `num_diff_goals` int(10) NOT NULL,
  `num_up_to_edition` int(10) unsigned NOT NULL,
  PRIMARY KEY (`id`),
  UNIQUE KEY `id_unique` (`id`),
  KEY `fk_ranking_championship_type` (`championship_type_id`),
  KEY `fk_ranking_team` (`team_id`),
  CONSTRAINT `fk_ranking_championship_type` FOREIGN KEY (`championship_type_id`) REFERENCES `championship_type` (`id`),
  CONSTRAINT `fk_ranking_team` FOREIGN KEY (`team_id`) REFERENCES `team` (`id`)
) ENGINE=InnoDB AUTO_INCREMENT=633 DEFAULT CHARSET=latin1;
/*!40101 SET character_set_client = @saved_cs_client */;

--
-- Dumping data for table `ranking`
--

LOCK TABLES `ranking` WRITE;
/*!40000 ALTER TABLE `ranking` DISABLE KEYS */;
INSERT INTO `ranking` VALUES (1,7,51,6,5,11,8.00000,2,0,28,4,7,0,4,3,10,15,-5,2),(2,7,52,12,9,11,10.00000,2,0,0,5,6,1,2,3,7,11,-4,2),(3,7,53,2,2,2,2.00000,2,0,86,24,12,7,3,2,21,15,6,2),(4,7,56,10,7,12,9.50000,2,0,22,10,7,3,1,3,13,14,-1,2),(5,7,65,4,4,4,4.00000,2,0,64,20,12,6,2,4,23,17,6,2),(6,7,68,5,5,8,6.50000,2,0,47,11,8,3,2,3,10,12,-2,2),(7,7,93,3,3,3,3.00000,2,0,74,22,12,6,4,2,25,17,8,2),(8,7,94,7,6,9,7.50000,2,0,25,5,7,1,2,4,11,14,-3,2),(9,7,95,9,7,10,8.50000,2,0,22,5,7,1,2,4,5,10,-5,2),(10,7,96,8,6,12,9.00000,2,0,25,6,7,2,0,5,12,17,-5,2),(11,7,49,6,3,10,7.00000,3,0,56,19,13,5,4,4,23,20,3,3),(12,7,50,1,1,4,2.00000,3,2,132,33,18,10,3,5,36,29,7,3),(13,7,51,5,1,11,5.66667,3,1,78,18,13,4,6,3,21,22,-1,3),(14,7,52,12,9,11,9.66667,3,0,0,8,9,1,5,3,10,14,-4,3),(15,7,53,2,2,6,3.33333,3,0,111,29,16,8,5,3,26,20,6,3),(16,7,56,11,7,12,10.33333,3,0,22,10,10,3,1,6,18,24,-6,3),(17,7,65,3,2,4,3.33333,3,0,107,32,18,10,2,6,34,23,11,3),(18,7,68,7,5,11,8.00000,3,0,47,12,11,3,3,5,13,18,-5,3),(19,7,93,4,3,5,3.66667,3,0,102,26,16,7,5,4,30,22,8,3),(20,7,94,9,6,9,7.66667,3,0,44,11,11,3,2,6,17,21,-4,3),(21,7,95,10,7,10,9.00000,3,0,22,7,10,1,4,5,8,15,-7,3),(22,7,96,8,6,12,8.33333,3,0,47,9,11,3,0,8,15,23,-8,3),(23,7,49,6,3,10,6.25000,4,0,88,29,19,8,5,6,31,28,3,4),(24,7,50,1,1,4,1.75000,4,3,182,45,24,13,6,5,50,37,13,4),(25,7,51,4,1,11,5.50000,4,1,106,23,17,5,8,4,29,28,1,4),(26,7,52,10,2,11,7.75000,4,0,43,16,15,3,7,5,21,24,-3,4),(27,7,53,3,2,12,5.50000,4,0,111,29,19,8,5,6,28,28,0,4),(28,7,56,12,7,12,10.50000,4,0,22,10,13,3,1,9,20,31,-11,4),(29,7,65,2,2,7,4.25000,4,0,129,39,22,12,3,7,41,30,11,4),(30,7,68,8,5,11,7.50000,4,0,72,18,15,5,3,7,16,24,-8,4),(31,7,93,5,3,9,5.00000,4,0,102,30,19,8,6,5,33,25,8,4),(32,7,94,9,6,9,7.75000,4,0,63,18,15,5,3,7,25,26,-1,4),(33,7,95,11,7,10,9.25000,4,0,22,8,13,1,5,7,9,20,-11,4),(34,7,96,7,3,12,7.00000,4,0,84,20,17,6,2,9,26,28,-2,4),(35,7,49,7,3,11,7.20000,5,0,88,35,22,10,5,7,38,34,4,5),(36,7,50,1,1,4,2.00000,5,3,219,57,30,16,9,5,59,41,18,5),(37,7,51,4,1,20,8.40000,5,1,106,23,20,5,8,7,33,40,-7,5),(38,7,52,11,2,12,8.60000,5,0,43,20,18,4,8,6,22,25,-3,5),(39,7,53,2,2,12,4.80000,5,0,154,40,25,11,7,7,39,37,2,5),(40,7,56,14,7,13,11.00000,5,0,22,13,16,4,1,11,26,36,-10,5),(41,7,65,3,2,10,5.40000,5,0,129,42,25,13,3,9,46,35,11,5),(42,7,68,6,5,11,7.00000,5,0,100,24,19,6,6,7,19,26,-7,5),(43,7,93,5,3,9,5.80000,5,0,102,34,22,9,7,6,37,28,9,5),(44,7,94,9,6,9,7.80000,5,0,82,24,19,7,3,9,33,31,2,5),(45,7,95,15,7,18,11.00000,5,0,22,10,16,1,7,8,11,24,-13,5),(46,7,96,8,3,14,8.40000,5,0,84,23,20,7,2,11,30,33,-3,5),(47,7,138,12,4,4,4.00000,1,0,32,10,6,3,1,2,8,5,3,5),(48,7,139,18,16,16,16.00000,1,0,0,3,3,1,0,2,4,7,-3,5),(49,7,140,13,6,6,6.00000,1,0,25,6,4,2,0,2,7,5,2,5),(50,7,141,20,19,19,19.00000,1,0,0,1,3,0,1,2,3,9,-6,5),(51,7,142,10,1,1,1.00000,1,1,50,16,6,5,1,0,13,5,8,5),(52,7,143,16,7,7,7.00000,1,0,22,4,4,1,1,2,5,5,0,5),(53,7,144,17,15,15,15.00000,1,0,0,3,3,1,0,2,4,7,-3,5),(54,7,145,19,17,17,17.00000,1,0,0,3,3,1,0,2,1,5,-4,5),(55,7,49,5,3,11,6.50000,6,0,125,47,28,14,5,9,51,42,9,6),(56,7,50,1,1,4,1.83333,6,4,269,71,36,20,11,5,72,46,26,6),(57,7,51,3,1,20,8.00000,6,1,131,30,24,7,9,8,43,47,-4,6),(58,7,52,12,2,12,8.66667,6,0,43,24,21,5,9,7,25,28,-3,6),(59,7,53,2,2,12,4.66667,6,0,186,51,31,14,9,8,54,47,7,6),(60,7,56,14,7,13,11.00000,6,0,22,16,19,5,1,13,31,40,-9,6),(61,7,65,4,2,14,6.83333,6,0,129,44,28,13,5,10,49,39,10,6),(62,7,68,6,5,11,7.00000,6,0,122,31,23,8,7,8,25,30,-5,6),(63,7,93,9,3,10,6.50000,6,0,102,38,25,10,8,7,42,34,8,6),(64,7,94,7,5,9,7.33333,6,0,110,29,23,8,5,10,42,38,4,6),(65,7,95,15,7,18,12.16667,6,0,22,11,19,1,8,10,15,33,-18,6),(66,7,96,8,3,14,8.33333,6,0,103,28,24,8,4,12,37,40,-3,6),(67,7,138,10,2,4,3.00000,2,0,75,25,12,8,1,3,22,11,11,6),(68,7,139,18,16,16,16.00000,2,0,0,4,6,1,1,4,9,16,-7,6),(69,7,140,13,6,17,11.50000,2,0,25,7,7,2,1,4,9,11,-2,6),(70,7,141,19,13,19,16.00000,2,0,0,4,6,0,4,2,9,15,-6,6),(71,7,142,11,1,12,6.50000,2,1,50,19,9,6,1,2,17,13,4,6),(72,7,143,16,7,20,13.50000,2,0,22,5,7,1,2,4,7,13,-6,6),(73,7,144,20,15,19,17.00000,2,0,0,4,6,1,1,4,8,17,-9,6),(74,7,145,17,15,17,16.00000,2,0,0,5,6,1,2,3,2,9,-7,6),(75,2,39,1,1,1,1.00000,1,1,50,15,6,5,0,1,11,5,6,1),(76,2,40,7,7,7,7.00000,1,0,22,5,4,1,2,1,7,8,-1,1),(77,2,44,6,6,6,6.00000,1,0,25,6,4,2,0,2,3,4,-1,1),(78,2,47,12,12,12,12.00000,1,0,0,0,3,0,0,3,2,8,-6,1),(79,2,48,8,8,8,8.00000,1,0,19,4,4,1,1,2,5,9,-4,1),(80,2,84,3,3,3,3.00000,1,0,37,12,6,4,0,2,12,6,6,1),(81,2,85,2,2,2,2.00000,1,0,43,13,6,4,1,1,11,3,8,1),(82,2,86,11,11,11,11.00000,1,0,0,1,3,0,1,2,2,7,-5,1),(83,2,87,9,9,9,9.00000,1,0,0,3,3,1,0,2,5,3,2,1),(84,2,88,4,4,4,4.00000,1,0,32,10,6,3,1,2,8,9,-1,1),(85,2,89,10,10,10,10.00000,1,0,0,1,3,0,1,2,1,4,-3,1),(86,2,90,5,5,5,5.00000,1,0,28,4,4,1,1,2,3,4,-1,1),(87,2,37,13,8,8,8.00000,1,0,19,3,4,0,3,1,4,5,-1,2),(88,2,39,1,1,4,2.50000,2,1,82,23,12,7,2,3,21,15,6,2),(89,2,40,11,7,7,7.00000,1,0,22,5,4,1,2,1,7,8,-1,2),(90,2,44,10,6,6,6.00000,1,0,25,6,4,2,0,2,3,4,-1,2),(91,2,45,5,2,2,2.00000,1,0,43,8,6,2,2,2,8,8,0,2),(92,2,47,8,5,12,8.50000,2,0,28,5,7,1,2,4,7,14,-7,2),(93,2,48,12,8,11,9.50000,2,0,19,6,7,1,3,3,8,13,-5,2),(94,2,84,3,3,7,5.00000,2,0,59,16,10,5,1,4,20,14,6,2),(95,2,85,2,2,3,2.50000,2,0,80,26,12,8,2,2,20,8,12,2),(96,2,86,4,1,11,6.00000,2,1,50,14,9,4,2,3,19,19,0,2),(97,2,87,14,9,10,9.50000,2,0,0,6,6,1,3,2,10,8,2,2),(98,2,88,6,4,9,6.50000,2,0,32,13,9,4,1,4,12,17,-5,2),(99,2,89,9,6,10,8.00000,2,0,25,6,7,1,3,3,5,7,-2,2),(100,2,90,7,5,12,8.50000,2,0,28,5,7,1,2,4,4,8,-4,2),(101,2,37,14,8,8,8.00000,1,0,19,3,4,0,3,1,4,5,-1,3),(102,2,39,2,1,7,4.00000,3,1,104,29,16,9,2,5,30,22,8,3),(103,2,40,13,7,7,7.00000,1,0,22,5,4,1,2,1,7,8,-1,3),(104,2,41,15,11,11,11.00000,1,0,0,1,3,0,1,2,4,7,-3,3),(105,2,44,12,6,6,6.00000,1,0,25,6,4,2,0,2,3,4,-1,3),(106,2,45,4,2,3,2.50000,2,0,80,17,12,5,2,5,14,15,-1,3),(107,2,47,10,5,12,8.50000,2,0,28,5,7,1,2,4,7,14,-7,3),(108,2,48,9,8,11,9.00000,3,0,38,13,11,3,4,4,16,19,-3,3),(109,2,84,5,3,10,6.66667,3,0,59,18,13,5,3,5,23,18,5,3),(110,2,85,1,2,3,2.33333,3,0,123,39,18,12,3,3,34,18,16,3),(111,2,86,3,1,11,5.33333,3,1,82,19,15,5,4,6,28,29,-1,3),(112,2,87,8,1,10,6.66667,3,1,50,14,12,2,8,2,20,17,3,3),(113,2,88,6,4,9,6.33333,3,0,57,21,13,6,3,4,21,24,-3,3),(114,2,89,11,6,10,8.33333,3,0,25,8,10,1,5,4,8,11,-3,3),(115,2,90,7,5,12,7.33333,3,0,56,12,11,3,3,5,12,15,-3,3),(116,2,91,16,12,12,12.00000,1,0,0,1,3,0,1,2,2,7,-5,3),(117,2,37,17,8,8,8.00000,1,0,19,3,4,0,3,1,4,5,-1,4),(118,2,39,2,1,7,4.00000,3,1,104,29,16,9,2,5,30,22,8,4),(119,2,40,16,7,7,7.00000,1,0,22,5,4,1,2,1,7,8,-1,4),(120,2,41,19,11,11,11.00000,1,0,0,1,3,0,1,2,4,7,-3,4),(121,2,42,15,7,7,7.00000,1,0,22,5,4,1,2,1,2,1,1,4),(122,2,44,14,6,6,6.00000,1,0,25,6,4,2,0,2,3,4,-1,4),(123,2,45,5,2,3,2.50000,2,0,80,17,12,5,2,5,14,15,-1,4),(124,2,46,18,10,10,10.00000,1,0,0,2,3,0,2,1,1,2,-1,4),(125,2,47,7,2,12,6.33333,3,0,71,14,13,3,5,5,19,22,-3,4),(126,2,48,6,3,11,7.50000,4,0,75,25,17,6,7,4,27,27,0,4),(127,2,73,12,5,5,5.00000,1,0,28,4,4,1,1,2,4,6,-2,4),(128,2,84,9,3,10,6.66667,3,0,59,18,13,5,3,5,23,18,5,4),(129,2,85,1,2,4,2.75000,4,0,155,44,24,13,5,6,41,30,11,4),(130,2,86,3,1,11,6.25000,4,1,82,21,18,5,6,7,30,34,-4,4),(131,2,87,8,1,10,7.00000,4,1,69,19,16,3,10,3,26,22,4,4),(132,2,88,4,4,9,6.25000,4,0,82,29,17,8,5,4,26,27,-1,4),(133,2,89,13,6,12,9.25000,4,0,25,9,13,1,6,6,9,15,-6,4),(134,2,90,10,5,12,8.25000,4,0,56,13,14,3,4,7,18,23,-5,4),(135,2,91,20,12,12,12.00000,1,0,0,1,3,0,1,2,2,7,-5,4),(136,2,109,11,1,1,1.00000,1,1,50,12,6,3,3,0,12,7,5,4),(137,2,36,20,8,8,8.00000,1,0,19,7,4,2,1,1,12,13,-1,5),(138,2,37,21,8,8,8.00000,1,0,19,3,4,0,3,1,4,5,-1,5),(139,2,38,12,4,4,4.00000,1,0,32,9,6,3,0,3,14,17,-3,5),(140,2,39,3,1,7,4.00000,3,1,104,29,16,9,2,5,30,22,8,5),(141,2,40,19,7,7,7.00000,1,0,22,5,4,1,2,1,7,8,-1,5),(142,2,41,23,11,11,11.00000,1,0,0,1,3,0,1,2,4,7,-3,5),(143,2,42,18,7,7,7.00000,1,0,22,5,4,1,2,1,2,1,1,5),(144,2,44,15,6,6,6.00000,1,0,25,6,4,2,0,2,3,4,-1,5),(145,2,45,7,2,15,6.66667,3,0,80,18,15,5,3,7,19,24,-5,5),(146,2,46,22,10,10,10.00000,1,0,0,2,3,0,2,1,1,2,-1,5),(147,2,47,9,2,12,6.33333,3,0,71,14,13,3,5,5,19,22,-3,5),(148,2,48,2,1,11,6.20000,5,1,125,39,23,10,9,4,38,32,6,5),(149,2,73,13,5,5,5.00000,1,0,28,4,4,1,1,2,4,6,-2,5),(150,2,84,4,3,10,5.75000,4,0,96,28,19,8,4,7,41,26,15,5),(151,2,85,1,2,4,2.60000,5,0,198,60,30,18,6,6,61,40,21,5),(152,2,86,5,1,11,7.00000,5,1,82,24,21,6,6,9,35,40,-5,5),(153,2,87,10,1,16,8.80000,5,1,69,20,19,3,11,5,30,32,-2,5),(154,2,88,6,4,9,6.80000,5,0,82,32,20,9,5,6,31,33,-2,5),(155,2,89,14,6,12,9.80000,5,0,25,12,16,2,6,8,14,23,-9,5),(156,2,90,11,5,12,8.80000,5,0,56,16,17,4,4,9,24,31,-7,5),(157,2,91,24,12,12,12.00000,1,0,0,1,3,0,1,2,2,7,-5,5),(158,2,92,25,13,13,13.00000,1,0,0,3,3,1,0,2,8,10,-2,5),(159,2,109,8,1,5,3.00000,2,1,78,16,10,4,4,2,17,14,3,5),(160,2,116,17,7,7,7.00000,1,0,22,6,4,2,0,2,14,14,0,5),(161,2,117,16,6,6,6.00000,1,0,25,5,4,1,2,1,9,8,1,5),(162,2,118,26,14,14,14.00000,1,0,0,3,3,1,0,2,4,6,-2,5),(163,2,36,24,8,8,8.00000,1,0,19,7,4,2,1,1,12,13,-1,6),(164,2,37,11,2,8,5.00000,2,0,62,18,10,5,3,2,22,15,7,6),(165,2,38,16,4,4,4.00000,1,0,32,9,6,3,0,3,14,17,-3,6),(166,2,39,4,1,7,4.00000,3,1,104,29,16,9,2,5,30,22,8,6),(167,2,40,23,7,7,7.00000,1,0,22,5,4,1,2,1,7,8,-1,6),(168,2,41,27,11,11,11.00000,1,0,0,1,3,0,1,2,4,7,-3,6),(169,2,42,22,7,7,7.00000,1,0,22,5,4,1,2,1,2,1,1,6),(170,2,44,20,6,6,6.00000,1,0,25,6,4,2,0,2,3,4,-1,6),(171,2,45,7,2,15,6.66667,3,0,80,18,15,5,3,7,19,24,-5,6),(172,2,46,26,10,10,10.00000,1,0,0,2,3,0,2,1,1,2,-1,6),(173,2,47,9,2,12,7.50000,4,0,71,18,16,4,6,6,25,26,-1,6),(174,2,48,2,1,11,6.83333,6,1,125,43,26,11,10,5,41,35,6,6),(175,2,73,18,5,5,5.00000,1,0,28,4,4,1,1,2,4,6,-2,6),(176,2,84,3,3,10,5.60000,5,0,124,35,23,10,5,8,50,32,18,6),(177,2,85,1,2,6,3.16667,6,0,223,66,34,20,6,8,70,48,22,6),(178,2,86,5,1,11,7.33333,6,1,82,28,24,7,7,10,40,44,-4,6),(179,2,87,10,1,18,10.33333,6,1,69,21,22,3,12,7,32,36,-4,6),(180,2,88,6,4,14,8.00000,6,0,82,35,23,10,5,8,34,37,-3,6),(181,2,89,19,6,12,10.16667,6,0,25,16,19,3,7,9,16,25,-9,6),(182,2,90,12,5,17,10.16667,6,0,56,19,20,5,4,11,27,36,-9,6),(183,2,91,28,12,12,12.00000,1,0,0,1,3,0,1,2,2,7,-5,6),(184,2,92,29,13,13,13.00000,1,0,0,3,3,1,0,2,8,10,-2,6),(185,2,109,8,1,20,8.66667,3,1,78,16,13,4,4,5,17,21,-4,6),(186,2,113,17,4,4,4.00000,1,0,32,7,6,2,1,3,10,8,2,6),(187,2,116,21,7,13,10.00000,2,0,22,10,7,3,1,3,20,21,-1,6),(188,2,117,14,6,7,6.50000,2,0,47,11,8,3,2,3,13,14,-1,6),(189,2,118,15,3,14,8.50000,2,0,37,15,9,5,0,4,14,13,1,6),(190,2,126,31,16,16,16.00000,1,0,0,4,3,1,1,1,2,2,0,6),(191,2,128,30,15,15,15.00000,1,0,0,2,3,0,2,1,5,7,-2,6),(192,2,129,25,8,8,8.00000,1,0,19,6,4,2,0,2,4,8,-4,6),(193,2,130,13,1,1,1.00000,1,1,50,16,6,5,1,0,15,9,6,6),(194,2,131,32,19,19,19.00000,1,0,0,0,3,0,0,3,3,8,-5,6),(195,2,36,27,8,8,8.00000,1,0,19,7,4,2,1,1,12,13,-1,7),(196,2,37,13,2,8,5.00000,2,0,62,18,10,5,3,2,22,15,7,7),(197,2,38,19,4,4,4.00000,1,0,32,9,6,3,0,3,14,17,-3,7),(198,2,39,5,1,7,4.00000,3,1,104,29,16,9,2,5,30,22,8,7),(199,2,40,17,7,8,7.50000,2,0,41,17,9,5,2,2,15,12,3,7),(200,2,41,34,11,11,11.00000,1,0,0,1,3,0,1,2,4,7,-3,7),(201,2,42,25,7,7,7.00000,1,0,22,5,4,1,2,1,2,1,1,7),(202,2,44,23,6,6,6.00000,1,0,25,6,4,2,0,2,3,4,-1,7),(203,2,45,9,2,15,6.66667,3,0,80,18,15,5,3,7,19,24,-5,7),(204,2,46,33,10,10,10.00000,1,0,0,2,3,0,2,1,1,2,-1,7),(205,2,47,11,2,12,7.50000,4,0,71,18,16,4,6,6,25,26,-1,7),(206,2,48,3,1,11,7.14286,7,1,141,49,30,13,10,7,51,41,10,7),(207,2,73,21,5,5,5.00000,1,0,28,4,4,1,1,2,4,6,-2,7),(208,2,84,2,3,10,5.50000,6,0,152,44,28,13,5,10,64,41,23,7),(209,2,85,1,2,12,4.42857,7,0,233,75,38,23,6,9,78,51,27,7),(210,2,86,4,1,11,6.85714,7,1,114,41,31,11,8,12,55,54,1,7),(211,2,87,12,1,18,10.33333,6,1,69,21,22,3,12,7,32,36,-4,7),(212,2,88,7,4,14,8.28571,7,0,96,42,27,12,6,9,42,41,1,7),(213,2,89,22,6,23,12.00000,7,0,25,16,22,3,7,12,21,34,-13,7),(214,2,90,15,5,17,10.16667,6,0,56,19,20,5,4,11,27,36,-9,7),(215,2,91,35,12,12,12.00000,1,0,0,1,3,0,1,2,2,7,-5,7),(216,2,92,30,13,15,14.00000,2,0,4,9,7,3,0,4,17,21,-4,7),(217,2,109,10,1,20,8.66667,3,1,78,16,13,4,4,5,17,21,-4,7),(218,2,110,24,6,6,6.00000,1,0,25,6,5,2,0,3,7,10,-3,7),(219,2,113,20,4,4,4.00000,1,0,32,7,6,2,1,3,10,8,2,7),(220,2,116,16,7,13,9.00000,3,0,44,16,12,5,1,6,31,30,1,7),(221,2,117,6,1,7,4.66667,3,1,97,27,15,8,3,4,27,19,8,7),(222,2,118,8,2,14,6.33333,3,0,80,28,16,9,1,6,25,23,2,7),(223,2,125,40,22,22,22.00000,1,0,0,1,3,0,1,2,2,8,-6,7),(224,2,126,32,16,20,18.00000,2,0,0,7,6,2,1,3,5,12,-7,7),(225,2,127,29,14,14,14.00000,1,0,6,6,4,2,0,2,7,5,2,7),(226,2,128,28,11,15,13.00000,2,0,12,9,7,2,3,2,13,12,1,7),(227,2,129,26,8,17,12.50000,2,0,19,9,7,3,0,4,7,16,-9,7),(228,2,130,14,1,13,7.00000,2,1,58,19,10,6,1,3,18,15,3,7),(229,2,131,38,19,19,19.00000,1,0,0,0,3,0,0,3,3,8,-5,7),(230,2,150,41,24,24,24.00000,1,0,0,0,3,0,0,3,1,7,-6,7),(231,2,151,39,21,21,21.00000,1,0,0,1,3,0,1,2,4,8,-4,7),(232,2,152,37,19,19,19.00000,1,0,0,3,3,1,0,2,2,5,-3,7),(233,2,153,36,18,18,18.00000,1,0,0,1,3,0,1,2,5,9,-4,7),(234,2,155,18,3,3,3.00000,1,0,37,13,7,4,1,2,9,7,2,7),(235,2,156,31,16,16,16.00000,1,0,2,7,4,2,1,1,7,6,1,7),(236,3,57,10,10,10,10.00000,1,0,0,1,3,0,1,2,3,6,-3,1),(237,3,58,3,3,3,3.00000,1,0,37,12,6,4,0,2,11,7,4,1),(238,3,60,7,7,7,7.00000,1,0,22,4,4,1,1,2,7,9,-2,1),(239,3,61,6,6,6,6.00000,1,0,25,6,4,2,0,2,4,3,1,1),(240,3,63,5,5,5,5.00000,1,0,28,5,4,1,2,1,4,5,-1,1),(241,3,64,12,12,12,12.00000,1,0,0,0,3,0,0,3,3,8,-5,1),(242,3,71,11,11,11,11.00000,1,0,0,0,3,0,0,3,0,4,-4,1),(243,3,79,2,2,2,2.00000,1,0,43,8,6,2,2,2,4,7,-3,1),(244,3,80,1,1,1,1.00000,1,1,50,16,6,5,1,0,13,3,10,1),(245,3,81,8,8,8,8.00000,1,0,19,6,4,2,0,2,6,8,-2,1),(246,3,82,9,9,9,9.00000,1,0,0,4,3,1,1,1,3,4,-1,1),(247,3,83,4,4,4,4.00000,1,0,32,11,6,3,2,1,13,7,6,1),(248,3,57,10,8,10,9.00000,2,0,19,8,7,2,2,3,12,14,-2,2),(249,3,58,2,3,3,3.00000,2,0,74,20,12,6,2,4,19,14,5,2),(250,3,59,8,4,4,4.00000,1,0,32,10,6,2,4,0,8,6,2,2),(251,3,60,5,2,7,4.50000,2,0,65,17,10,5,2,3,23,18,5,2),(252,3,61,9,6,10,8.00000,2,0,25,9,7,3,0,4,7,9,-2,2),(253,3,63,6,5,7,6.00000,2,0,50,11,8,3,2,3,14,10,4,2),(254,3,64,13,12,12,12.00000,1,0,0,0,3,0,0,3,3,8,-5,2),(255,3,71,12,9,11,10.00000,2,0,0,3,6,1,0,5,3,10,-7,2),(256,3,79,4,2,6,4.00000,2,0,68,11,10,3,2,5,9,14,-5,2),(257,3,80,1,1,5,3.00000,2,1,78,21,10,6,3,1,17,7,10,2),(258,3,81,3,1,8,4.50000,2,1,69,17,10,5,2,3,14,15,-1,2),(259,3,82,11,9,11,10.00000,2,0,0,7,6,2,1,3,7,13,-6,2),(260,3,83,7,4,12,8.00000,2,0,32,11,9,3,2,4,15,13,2,2),(261,3,57,12,8,10,9.33333,3,0,19,11,10,3,2,5,16,18,-2,3),(262,3,58,3,3,6,4.00000,3,0,99,26,16,8,2,6,24,19,5,3),(263,3,59,5,2,4,3.00000,2,0,75,21,12,5,6,1,21,14,7,3),(264,3,60,4,2,7,4.33333,3,0,97,24,16,7,3,6,30,29,1,3),(265,3,61,7,3,10,6.33333,3,0,62,18,13,6,0,7,18,15,3,3),(266,3,63,8,5,11,7.66667,3,0,50,13,11,3,4,4,18,18,0,3),(267,3,64,10,5,12,8.50000,2,0,28,7,7,2,1,4,11,13,-2,3),(268,3,71,13,9,12,10.66667,3,0,0,3,9,1,0,8,4,17,-13,3),(269,3,79,1,1,6,3.00000,3,1,118,22,16,6,4,6,17,19,-2,3),(270,3,80,2,1,7,4.33333,3,1,100,27,14,8,3,3,24,16,8,3),(271,3,81,6,1,9,6.00000,3,1,69,19,13,5,4,4,18,21,-3,3),(272,3,82,11,8,11,9.33333,3,0,19,16,10,5,1,4,16,20,-4,3),(273,3,83,9,4,12,8.00000,2,0,32,11,9,3,2,4,15,13,2,3),(274,3,57,12,8,12,10.00000,4,0,19,11,13,3,2,8,19,24,-5,4),(275,3,58,3,3,6,4.50000,4,0,124,31,20,9,4,7,31,24,7,4),(276,3,59,7,2,8,4.66667,3,0,94,28,16,7,7,2,28,18,10,4),(277,3,60,6,2,10,5.75000,4,0,97,26,19,7,5,7,32,33,-1,4),(278,3,61,4,1,10,5.00000,4,1,112,31,19,10,1,8,27,20,7,4),(279,3,63,8,3,11,6.50000,4,0,87,21,17,5,6,6,27,28,-1,4),(280,3,64,10,5,12,8.66667,3,0,28,10,10,2,4,4,14,16,-2,4),(281,3,71,13,9,12,10.66667,3,0,0,3,9,1,0,8,4,17,-13,4),(282,3,79,1,1,6,3.50000,4,1,146,29,20,8,5,7,21,23,-2,4),(283,3,80,2,1,7,4.25000,4,1,132,35,20,10,5,5,34,27,7,4),(284,3,81,5,1,9,5.00000,4,1,112,29,19,8,5,6,26,27,-1,4),(285,3,82,11,8,11,9.75000,4,0,19,17,13,5,2,6,17,25,-8,4),(286,3,83,9,4,12,7.66667,3,0,54,17,13,5,2,6,21,19,2,4),(287,3,57,10,2,12,8.40000,5,0,62,24,19,7,3,9,33,31,2,5),(288,3,58,6,3,9,5.40000,5,0,124,37,23,11,4,8,39,31,8,5),(289,3,59,5,2,8,4.25000,4,0,131,40,22,11,7,4,43,31,12,5),(290,3,60,8,2,10,6.60000,5,0,97,30,22,8,6,8,38,38,0,5),(291,3,61,7,1,11,6.20000,5,1,112,34,22,11,1,10,30,24,6,5),(292,3,63,2,1,11,5.40000,5,1,137,35,23,9,8,6,44,36,8,5),(293,3,64,11,4,12,7.50000,4,0,60,19,16,5,4,7,24,28,-4,5),(294,3,71,14,9,15,11.75000,4,0,0,3,12,1,0,11,7,23,-16,5),(295,1,36,7,7,7,7.00000,1,0,22,7,4,2,1,1,9,5,4,1),(296,1,37,5,5,5,5.00000,1,0,28,5,4,1,2,1,4,4,0,1),(297,1,38,11,11,11,11.00000,1,0,0,4,3,1,1,1,3,3,0,1),(298,1,39,1,1,1,1.00000,1,1,50,15,6,5,0,1,14,9,5,1),(299,1,40,2,2,2,2.00000,1,0,43,12,6,4,0,2,12,8,4,1),(300,1,41,14,14,14,14.00000,1,0,0,0,3,0,0,3,3,7,-4,1),(301,1,42,6,6,6,6.00000,1,0,25,7,4,2,1,1,9,7,2,1),(302,1,43,10,10,10,10.00000,1,0,0,4,3,1,1,1,4,3,1,1),(303,1,44,4,4,4,4.00000,1,0,32,9,6,3,0,3,8,12,-4,1),(304,1,45,15,15,15,15.00000,1,0,0,0,3,0,0,3,4,9,-5,1),(305,1,46,13,13,13,13.00000,1,0,0,1,3,0,1,2,2,7,-5,1),(306,1,47,3,3,3,3.00000,1,0,37,13,6,4,1,1,17,8,9,1),(307,1,73,9,9,9,9.00000,1,0,0,6,3,2,0,1,5,4,1,1),(308,1,74,12,12,12,12.00000,1,0,0,3,3,1,0,2,4,5,-1,1),(309,1,91,16,16,16,16.00000,1,0,0,0,3,0,0,3,4,11,-7,1),(310,1,92,8,8,8,8.00000,1,0,19,6,4,2,0,2,6,6,0,1),(311,1,36,9,7,9,8.00000,2,0,22,11,7,3,2,2,11,6,5,2),(312,1,37,5,4,5,4.50000,2,0,60,12,10,2,6,2,10,11,-1,2),(313,1,38,13,11,15,13.00000,2,0,0,4,6,1,1,4,6,12,-6,2),(314,1,39,1,1,2,1.50000,2,1,93,26,12,8,2,2,26,20,6,2),(315,1,40,3,2,8,5.00000,2,0,62,19,10,6,1,3,17,13,4,2),(316,1,41,14,12,14,13.00000,2,0,0,2,6,0,2,4,5,11,-6,2),(317,1,42,8,6,13,9.50000,2,0,25,9,7,2,3,2,12,11,1,2),(318,1,43,12,10,11,10.50000,2,0,0,6,6,1,3,2,8,8,0,2),(319,1,44,4,4,5,4.50000,2,0,60,14,10,4,2,4,13,16,-3,2),(320,1,45,7,3,15,9.00000,2,0,37,11,9,3,2,4,18,17,1,2),(321,1,46,15,13,16,14.50000,2,0,0,1,6,0,1,5,3,16,-13,2),(322,1,47,2,1,3,2.00000,2,1,87,27,12,8,3,1,33,16,17,2),(323,1,73,11,9,10,9.50000,2,0,0,9,6,3,0,3,7,7,0,2),(324,1,74,10,7,12,9.50000,2,0,22,12,7,4,0,3,11,9,2,2),(325,1,91,16,14,16,15.00000,2,0,0,1,6,0,1,5,5,15,-10,2),(326,1,92,6,6,8,7.00000,2,0,44,13,8,4,1,3,13,10,3,2),(327,1,36,12,7,12,9.33333,3,0,22,14,10,3,5,2,17,12,5,3),(328,1,37,7,4,11,6.66667,3,0,60,15,13,3,6,4,15,17,-2,3),(329,1,38,10,5,15,10.33333,3,0,28,9,10,2,3,5,12,18,-6,3),(330,1,39,1,1,3,2.00000,3,1,130,36,18,11,3,4,36,27,9,3),(331,1,40,6,2,9,6.33333,3,0,62,23,13,7,2,4,22,17,5,3),(332,1,41,8,1,14,9.00000,3,1,50,16,12,4,4,4,18,16,2,3),(333,1,42,11,6,14,11.00000,3,0,25,11,10,2,5,3,16,18,-2,3),(334,1,43,15,10,16,12.33333,3,0,0,7,9,1,4,4,11,14,-3,3),(335,1,44,3,4,8,5.66667,3,0,79,21,14,6,3,5,20,23,-3,3),(336,1,45,4,3,15,7.33333,3,0,69,18,15,5,3,7,30,29,1,3),(337,1,46,16,13,16,14.00000,3,0,0,3,9,0,3,6,6,20,-14,3),(338,1,47,2,1,6,3.33333,3,1,112,32,16,9,5,2,37,20,17,3),(339,1,73,14,9,10,9.66667,3,0,0,13,9,4,1,4,12,14,-2,3),(340,1,74,13,7,15,11.33333,3,0,22,13,10,4,1,5,15,15,0,3),(341,1,91,9,2,16,10.66667,3,0,43,13,12,4,1,7,17,25,-8,3),(342,1,92,5,6,8,7.00000,3,0,66,18,12,5,3,4,17,16,1,3),(343,1,36,12,6,12,8.50000,4,0,47,21,14,5,6,3,27,17,10,4),(344,1,37,8,4,13,8.25000,4,0,60,18,16,4,6,6,18,22,-4,4),(345,1,38,14,5,16,11.75000,4,0,28,10,13,2,4,7,13,23,-10,4),(346,1,39,2,1,8,3.50000,4,1,149,41,22,12,5,5,44,37,7,4),(347,1,40,7,2,14,8.25000,4,0,62,25,16,7,4,5,27,25,2,4),(348,1,41,11,1,15,10.50000,4,1,50,17,15,4,5,6,22,23,-1,4),(349,1,42,9,4,14,9.25000,4,0,57,18,16,4,6,6,25,27,-2,4),(350,1,43,16,10,16,12.33333,3,0,0,7,9,1,4,4,11,14,-3,4),(351,1,44,4,4,11,7.00000,4,0,79,24,17,7,3,7,25,29,-4,4),(352,1,45,5,3,15,8.00000,4,0,69,22,18,6,4,8,34,34,0,4),(353,1,46,13,2,16,11.00000,4,0,43,13,15,3,4,8,14,26,-12,4),(354,1,47,1,1,6,3.25000,4,1,149,43,22,12,7,3,46,29,17,4),(355,1,73,10,1,10,7.50000,4,1,50,25,15,7,4,4,20,17,3,4),(356,1,74,15,7,15,11.50000,4,0,22,15,13,4,3,6,20,21,-1,4),(357,1,91,6,2,16,9.75000,4,0,65,19,16,6,1,9,24,30,-6,4),(358,1,92,3,5,8,6.50000,4,0,94,27,16,8,3,5,26,22,4,4),(359,1,110,17,9,9,9.00000,1,0,0,4,3,1,1,1,4,4,0,4),(360,1,36,6,2,12,7.20000,5,0,90,33,20,9,6,5,45,31,14,5),(361,1,37,7,4,13,7.60000,5,0,88,24,20,6,6,8,31,34,-3,5),(362,1,38,11,4,16,10.20000,5,0,60,20,19,5,5,9,29,33,-4,5),(363,1,39,2,1,18,6.40000,5,1,149,42,25,12,6,7,48,47,1,5),(364,1,40,10,2,16,9.80000,5,0,62,28,19,8,4,7,31,31,0,5),(365,1,41,8,1,15,9.80000,5,1,72,24,19,6,6,7,33,31,2,5),(366,1,42,12,4,14,10.00000,5,0,57,21,19,5,6,8,29,31,-2,5),(367,1,43,16,10,16,12.75000,4,0,0,10,12,2,4,6,14,18,-4,5),(368,1,44,5,4,11,7.20000,5,0,98,31,21,9,4,8,32,34,-2,5),(369,1,45,4,3,15,7.00000,5,0,106,32,24,9,5,10,44,44,0,5),(370,1,46,14,2,20,12.80000,5,0,43,13,18,3,4,11,16,35,-19,5),(371,1,47,1,1,6,3.80000,5,1,174,49,26,14,7,5,57,39,18,5),(372,1,73,13,1,12,8.40000,5,1,50,29,18,8,5,5,26,23,3,5),(373,1,74,15,7,15,11.20000,5,0,22,19,16,5,4,7,25,26,-1,5),(374,1,91,9,2,19,11.60000,5,0,65,19,19,6,1,12,27,39,-12,5),(375,1,92,3,1,8,5.40000,5,1,144,45,22,14,3,5,41,28,13,5),(376,1,110,17,9,17,13.00000,2,0,0,5,6,1,2,3,6,9,-3,5),(377,1,113,20,15,15,15.00000,1,0,0,3,3,1,0,2,4,8,-4,5),(378,1,114,18,9,9,9.00000,1,0,0,6,3,2,0,1,4,3,1,5),(379,1,115,19,11,11,11.00000,1,0,0,6,3,2,0,1,9,7,2,5),(380,1,36,7,2,13,8.16667,6,0,98,43,24,12,7,5,56,34,22,6),(381,1,37,4,1,13,6.50000,6,1,138,41,27,11,8,8,49,45,4,6),(382,1,38,8,4,16,9.66667,6,0,82,28,24,7,7,10,45,40,5,6),(383,1,39,2,1,19,8.50000,6,1,149,45,28,13,6,9,51,52,-1,6),(384,1,40,10,2,16,9.66667,6,0,78,36,23,10,6,7,42,38,4,6),(385,1,41,12,1,23,12.00000,6,1,72,25,22,6,7,9,37,41,-4,6),(386,1,42,11,4,14,9.66667,6,0,76,27,24,6,9,9,40,42,-2,6),(387,1,43,20,10,16,12.60000,5,0,10,14,16,3,5,8,21,27,-6,6),(388,1,44,6,4,15,8.50000,6,0,102,34,25,10,4,11,39,43,-4,6),(389,1,45,5,3,15,6.66667,6,0,134,40,29,11,7,11,55,50,5,6),(390,1,46,14,2,20,13.66667,6,0,43,14,21,3,5,13,18,39,-21,6),(391,1,47,1,1,6,3.66667,6,1,211,63,33,18,9,6,75,50,25,6),(392,1,73,13,1,20,10.33333,6,1,50,31,21,8,7,6,29,29,0,6),(393,1,74,17,7,15,11.66667,6,0,28,25,20,7,4,9,35,33,2,6),(394,1,91,9,2,19,11.33333,6,0,79,27,23,8,3,12,35,44,-9,6),(395,1,92,3,1,17,7.33333,6,1,144,48,25,14,6,5,46,33,13,6),(396,1,110,18,6,17,10.66667,3,0,25,10,11,2,4,5,17,18,-1,6),(397,1,113,16,4,15,9.50000,2,0,32,9,10,2,3,5,10,22,-12,6),(398,1,114,22,9,22,15.50000,2,0,0,7,6,2,1,3,6,8,-2,6),(399,1,115,23,11,21,16.00000,2,0,0,8,6,2,2,2,13,16,-3,6),(400,1,124,19,11,11,11.00000,1,0,12,7,4,2,1,1,7,7,0,6),(401,1,125,24,24,24,24.00000,1,0,0,0,3,0,0,3,0,12,-12,6),(402,1,126,15,2,2,2.00000,1,0,43,10,7,2,4,1,13,11,2,6),(403,1,127,21,16,16,16.00000,1,0,2,4,4,1,1,2,4,9,-5,6),(404,1,36,8,2,17,9.42857,7,0,98,46,27,13,7,7,59,41,18,7),(405,1,37,5,1,20,8.42857,7,1,138,43,30,11,10,9,52,49,3,7),(406,1,38,9,4,16,10.42857,7,0,86,35,28,9,8,11,56,46,10,7),(407,1,39,3,1,19,8.42857,7,1,168,52,33,15,7,11,56,61,-5,7),(408,1,40,7,2,16,9.14286,7,0,103,43,28,11,10,7,49,43,6,7),(409,1,41,13,1,23,12.85714,7,1,72,27,25,6,9,10,37,42,-5,7),(410,1,42,12,4,24,11.71429,7,0,76,27,27,6,9,12,40,49,-9,7),(411,1,43,21,9,16,12.00000,6,0,26,20,20,4,8,8,24,29,-5,7),(412,1,44,6,4,15,9.14286,7,0,110,41,29,12,5,12,48,49,-1,7),(413,1,45,4,3,15,7.42857,7,0,144,49,33,14,7,12,61,52,9,7),(414,1,46,16,2,22,14.85714,7,0,43,15,24,3,6,15,21,47,-26,7),(415,1,47,1,1,10,4.57143,7,1,225,68,37,19,11,7,85,58,27,7),(416,1,73,15,1,21,11.85714,7,1,50,32,24,8,8,8,34,36,-2,7),(417,1,74,20,7,23,13.28571,7,0,28,26,23,7,5,11,36,40,-4,7),(418,1,91,10,2,19,11.71429,7,0,85,31,27,9,4,14,39,48,-9,7),(419,1,92,2,1,17,6.42857,7,2,194,61,32,18,7,7,60,45,15,7),(420,1,110,14,2,17,8.50000,4,0,68,22,18,5,7,6,29,26,3,7),(421,1,113,17,4,16,11.66667,3,0,34,16,14,4,4,6,15,27,-12,7),(422,1,114,24,9,22,16.66667,3,0,0,9,9,2,3,4,9,12,-3,7),(423,1,115,23,7,21,13.00000,3,0,22,15,11,4,3,4,21,28,-7,7),(424,1,124,22,11,11,11.00000,2,0,24,11,8,3,2,3,12,11,1,7),(425,1,125,18,4,24,14.00000,2,0,32,9,10,2,3,5,14,24,-10,7),(426,1,126,11,2,3,2.50000,2,0,80,24,14,6,6,2,29,23,6,7),(427,1,127,19,5,16,10.50000,2,0,30,12,9,3,3,3,17,17,0,7),(428,7,49,10,10,10,10.00000,1,0,0,1,3,0,1,2,4,6,-2,1),(429,7,50,1,1,1,1.00000,1,1,50,13,6,4,1,1,13,9,4,1),(430,7,51,5,5,5,5.00000,1,0,28,3,4,0,3,1,7,8,-1,1),(431,7,52,11,11,11,11.00000,1,0,0,1,3,0,1,2,3,5,-2,1),(432,7,53,2,2,2,2.00000,1,0,43,15,6,5,0,1,11,7,4,1),(433,7,56,12,12,12,12.00000,1,0,0,1,3,0,1,2,4,8,-4,1),(434,7,65,4,4,4,4.00000,1,0,32,12,6,4,0,2,14,8,6,1),(435,7,68,8,8,8,8.00000,1,0,19,4,4,1,1,2,2,7,-5,1),(436,7,93,3,3,3,3.00000,1,0,37,13,6,4,1,1,16,9,7,1),(437,7,94,9,9,9,9.00000,1,0,0,1,3,0,1,2,4,7,-3,1),(438,7,95,7,7,7,7.00000,1,0,22,2,4,0,2,2,2,5,-3,1),(439,7,96,6,6,6,6.00000,1,0,25,6,4,2,0,2,7,8,-1,1),(440,7,49,11,8,10,9.00000,2,0,19,6,7,1,3,3,11,13,-2,2),(441,7,50,1,1,1,1.00000,2,2,100,24,12,7,3,2,24,17,7,2),(442,3,79,1,1,8,4.40000,5,1,165,36,24,10,6,8,30,32,-2,5),(443,3,80,4,1,13,6.00000,5,1,132,36,23,10,6,7,38,35,3,5),(444,3,81,3,1,9,5.40000,5,1,134,35,23,10,5,8,35,35,0,5),(445,3,82,13,8,12,10.20000,5,0,19,19,16,5,4,7,24,34,-10,5),(446,3,83,9,4,12,7.00000,4,0,82,24,17,7,3,7,27,25,2,5),(447,3,119,12,6,6,6.00000,1,0,25,6,4,2,0,2,11,10,1,5),(448,3,120,15,14,14,14.00000,1,0,0,1,3,0,1,2,2,6,-4,5),(449,3,121,16,16,16,16.00000,1,0,0,0,3,0,0,3,3,9,-6,5),(450,3,57,10,2,12,8.66667,6,0,76,31,23,9,4,10,42,36,6,6),(451,3,58,4,3,9,5.33333,6,0,152,43,28,13,4,11,52,44,8,6),(452,3,59,3,2,8,4.80000,5,0,153,47,27,13,8,6,54,43,11,6),(453,3,60,8,2,19,8.66667,6,0,97,33,25,9,6,10,45,48,-3,6),(454,3,61,7,1,22,8.83333,6,1,112,35,25,11,2,12,33,30,3,6),(455,3,63,5,1,16,7.16667,6,1,139,42,27,11,9,7,53,46,7,6),(456,3,64,12,4,18,9.60000,5,0,60,21,19,5,6,8,26,31,-5,6),(457,3,71,16,8,15,11.00000,5,0,19,10,17,3,1,13,18,31,-13,6),(458,3,79,1,1,8,4.16667,6,1,202,50,31,14,8,9,44,42,2,6),(459,3,80,6,1,23,8.83333,6,1,132,36,26,10,6,10,38,43,-5,6),(460,3,81,2,1,9,5.16667,6,1,166,45,30,13,6,11,45,44,1,6),(461,3,82,14,8,12,10.33333,6,0,31,23,20,6,5,9,32,40,-8,6),(462,3,83,9,4,20,9.60000,5,0,82,27,20,8,3,9,33,35,-2,6),(463,3,119,11,2,6,4.00000,2,0,68,20,11,6,2,3,25,18,7,6),(464,3,120,22,14,17,15.50000,2,0,0,4,6,1,1,4,4,11,-7,6),(465,3,121,23,16,24,20.00000,2,0,0,0,6,0,0,6,4,20,-16,6),(466,3,122,18,12,12,12.00000,1,0,10,6,4,2,0,2,10,7,3,6),(467,3,123,20,14,14,14.00000,1,0,6,9,4,3,0,1,8,4,4,6),(468,3,132,17,9,9,9.00000,1,0,16,7,4,2,1,1,10,7,3,6),(469,3,133,21,15,15,15.00000,1,0,4,7,4,2,1,1,5,3,2,6),(470,3,134,19,13,13,13.00000,1,0,8,5,4,1,2,1,5,6,-1,6),(471,3,135,13,1,1,1.00000,1,1,50,10,7,2,4,1,14,13,1,6),(472,3,136,15,6,6,6.00000,1,0,25,10,5,3,1,1,11,8,3,6),(473,3,137,24,21,21,21.00000,1,0,0,2,3,0,2,1,2,3,-1,6),(474,3,57,10,2,12,9.14286,7,0,86,36,27,10,6,11,50,43,7,7),(475,3,58,4,3,18,7.14286,7,0,152,45,31,13,6,12,58,52,6,7),(476,3,59,3,2,8,4.50000,6,0,190,61,34,17,10,7,70,54,16,7),(477,3,60,7,2,19,8.00000,7,0,129,48,32,14,6,12,62,61,1,7),(478,3,61,8,1,22,8.83333,6,1,112,35,25,11,2,12,33,30,3,7),(479,3,63,5,1,16,8.42857,7,1,141,44,30,11,11,8,57,51,6,7),(480,3,64,11,4,18,9.16667,6,0,82,27,24,6,9,9,37,42,-5,7),(481,3,71,19,8,22,12.83333,6,0,19,12,20,3,3,14,20,36,-16,7),(482,3,79,2,1,14,5.57143,7,1,208,56,35,16,8,11,50,47,3,7),(483,3,80,6,1,23,8.83333,6,1,132,36,26,10,6,10,38,43,-5,7),(484,3,81,1,1,9,4.71429,7,1,209,59,37,17,8,12,55,49,6,7),(485,3,82,16,8,17,11.28571,7,0,31,26,23,6,8,9,38,46,-8,7),(486,3,83,12,4,20,9.60000,5,0,82,27,20,8,3,9,33,35,-2,7),(487,3,119,9,2,6,4.33333,3,0,96,27,16,8,3,5,32,25,7,7),(488,3,120,20,9,17,13.33333,3,0,16,11,10,3,2,5,11,18,-7,7),(489,3,121,27,16,24,20.00000,2,0,0,0,6,0,0,6,4,20,-16,7),(490,3,122,17,8,12,10.00000,2,0,29,8,7,2,2,3,12,10,2,7),(491,3,123,25,14,19,16.50000,2,0,6,12,7,4,0,3,10,7,3,7),(492,3,132,15,8,9,8.50000,2,0,35,15,9,4,3,2,20,12,8,7),(493,3,133,18,6,15,10.50000,2,0,29,14,9,4,2,3,10,8,2,7),(494,3,134,23,13,24,18.50000,2,0,8,5,7,1,2,4,6,11,-5,7),(495,3,135,14,1,15,8.00000,2,1,54,16,11,4,4,3,19,19,0,7),(496,3,136,13,1,6,3.50000,2,1,75,22,12,6,4,2,18,12,6,7),(497,3,137,26,16,21,18.50000,2,0,2,6,7,1,3,3,4,10,-6,7),(498,3,146,21,10,10,10.00000,1,0,14,7,4,2,1,1,5,5,0,7),(499,3,147,28,23,23,23.00000,1,0,0,0,3,0,0,3,2,5,-3,7),(500,3,148,22,11,11,11.00000,1,0,12,6,4,2,0,2,10,7,3,7),(501,3,149,24,13,13,13.00000,1,0,8,3,4,1,0,3,4,10,-6,7),(502,4,39,3,3,3,3.00000,1,0,37,7,5,2,1,2,6,4,2,1),(503,4,58,8,8,8,8.00000,1,0,0,1,3,0,1,2,3,7,-4,1),(504,4,79,6,6,6,6.00000,1,0,0,4,3,1,1,1,3,4,-1,1),(505,4,80,2,2,2,2.00000,1,0,43,11,5,3,2,0,12,3,9,1),(506,4,83,4,4,4,4.00000,1,0,32,4,5,1,1,3,6,13,-7,1),(507,4,84,7,7,7,7.00000,1,0,0,3,3,0,3,0,5,5,0,1),(508,4,85,5,5,5,5.00000,1,0,0,4,3,1,1,1,4,4,0,1),(509,4,88,1,1,1,1.00000,1,1,50,8,5,2,2,1,7,6,1,1),(510,4,39,6,3,3,3.00000,1,0,37,7,5,2,1,2,6,4,2,2),(511,4,45,5,3,3,3.00000,1,0,37,10,5,3,1,1,7,5,2,2),(512,4,58,3,2,8,5.00000,2,0,43,11,8,3,2,3,14,15,-1,2),(513,4,59,13,8,8,8.00000,1,0,0,0,3,0,0,3,1,4,-3,2),(514,4,60,7,4,4,4.00000,1,0,32,6,5,2,0,3,3,5,-2,2),(515,4,79,10,6,6,6.00000,1,0,0,4,3,1,1,1,3,4,-1,2),(516,4,80,4,2,2,2.00000,1,0,43,11,5,3,2,0,12,3,9,2),(517,4,81,9,5,5,5.00000,1,0,0,4,3,1,1,1,7,7,0,2),(518,4,83,8,4,4,4.00000,1,0,32,4,5,1,1,3,6,13,-7,2),(519,4,84,12,7,7,7.00000,1,0,0,3,3,0,3,0,5,5,0,2),(520,4,85,1,1,5,3.00000,2,1,50,15,8,4,3,1,13,10,3,2),(521,4,86,11,6,6,6.00000,1,0,0,3,3,1,0,2,4,5,-1,2),(522,4,88,2,1,7,4.00000,2,1,50,9,8,2,3,3,11,12,-1,2),(523,4,39,9,3,3,3.00000,1,0,37,7,5,2,1,2,6,4,2,3),(524,4,45,7,3,8,5.50000,2,0,37,11,8,3,2,3,11,12,-1,3),(525,4,58,5,2,8,5.00000,2,0,43,11,8,3,2,3,14,15,-1,3),(526,4,59,12,7,8,7.50000,2,0,0,3,6,1,0,5,3,11,-8,3),(527,4,60,2,4,4,4.00000,2,0,64,16,10,5,1,4,12,14,-2,3),(528,4,61,8,3,3,3.00000,1,0,37,8,5,2,2,1,8,6,2,3),(529,4,79,3,1,6,3.50000,2,1,50,14,8,4,2,2,16,11,5,3),(530,4,80,6,2,2,2.00000,1,0,43,11,5,3,2,0,12,3,9,3),(531,4,81,13,5,5,5.00000,1,0,0,4,3,1,1,1,7,7,0,3),(532,4,83,10,4,4,4.00000,1,0,32,4,5,1,1,3,6,13,-7,3),(533,4,84,15,7,7,7.00000,1,0,0,3,3,0,3,0,5,5,0,3),(534,4,85,1,1,5,2.66667,3,1,93,22,13,6,4,3,21,16,5,3),(535,4,86,11,6,6,6.00000,2,0,0,6,6,2,0,4,8,11,-3,3),(536,4,87,14,5,5,5.00000,1,0,0,3,3,1,0,2,3,3,0,3),(537,4,88,4,1,7,4.00000,2,1,50,9,8,2,3,3,11,12,-1,3),(538,4,39,11,3,3,3.00000,1,0,37,7,5,2,1,2,6,4,2,4),(539,4,45,10,3,8,5.50000,2,0,37,11,8,3,2,3,11,12,-1,4),(540,4,47,5,1,1,1.00000,1,1,50,10,5,3,1,1,11,7,4,4),(541,4,48,12,4,4,4.00000,1,0,32,7,5,2,1,2,11,13,-2,4),(542,4,58,6,2,8,5.00000,2,0,43,11,8,3,2,3,14,15,-1,4),(543,4,59,15,7,8,7.50000,2,0,0,3,6,1,0,5,3,11,-8,4),(544,4,60,2,4,4,4.00000,2,0,64,16,10,5,1,4,12,14,-2,4),(545,4,61,9,3,7,5.00000,2,0,37,11,8,3,2,3,15,14,1,4),(546,4,63,16,5,5,5.00000,1,0,0,4,3,1,1,1,3,3,0,4),(547,4,79,3,1,6,4.33333,3,1,50,17,11,5,2,4,25,21,4,4),(548,4,80,7,2,2,2.00000,1,0,43,11,5,3,2,0,12,3,9,4),(549,4,81,8,3,5,4.00000,2,0,37,11,8,3,2,3,15,20,-5,4),(550,4,83,13,4,4,4.00000,1,0,32,4,5,1,1,3,6,13,-7,4),(551,4,84,18,7,7,7.00000,1,0,0,3,3,0,3,0,5,5,0,4),(552,4,85,1,1,5,2.50000,4,1,136,30,18,8,6,4,36,24,12,4),(553,4,86,14,6,6,6.00000,2,0,0,6,6,2,0,4,8,11,-3,4),(554,4,87,17,5,5,5.00000,1,0,0,3,3,1,0,2,3,3,0,4),(555,4,88,4,1,7,4.00000,2,1,50,9,8,2,3,3,11,12,-1,4),(556,4,109,19,8,8,8.00000,1,0,0,2,3,0,2,1,5,7,-2,4),(557,4,39,13,3,3,3.00000,1,0,37,7,5,2,1,2,6,4,2,5),(558,4,45,12,3,8,5.50000,2,0,37,11,8,3,2,3,11,12,-1,5),(559,4,47,2,1,4,2.50000,2,1,82,19,10,6,1,3,21,17,4,5),(560,4,48,14,4,5,4.50000,2,0,32,11,8,3,2,3,15,17,-2,5),(561,4,57,20,6,6,6.00000,1,0,0,1,3,0,1,2,4,6,-2,5),(562,4,58,6,2,8,5.00000,2,0,43,11,8,3,2,3,14,15,-1,5),(563,4,59,16,7,8,7.33333,3,0,0,6,9,2,0,7,5,18,-13,5),(564,4,60,3,4,4,4.00000,2,0,64,16,10,5,1,4,12,14,-2,5),(565,4,61,11,3,7,5.00000,2,0,37,11,8,3,2,3,15,14,1,5),(566,4,63,9,3,5,4.00000,2,0,37,13,8,4,1,3,13,11,2,5),(567,4,64,8,2,2,2.00000,1,0,43,8,5,2,2,1,8,6,2,5),(568,4,79,4,1,6,4.33333,3,1,50,17,11,5,2,4,25,21,4,5),(569,4,80,7,2,2,2.00000,1,0,43,11,5,3,2,0,12,3,9,5),(570,4,81,10,3,5,4.00000,2,0,37,11,8,3,2,3,15,20,-5,5),(571,4,83,15,4,4,4.00000,1,0,32,4,5,1,1,3,6,13,-7,5),(572,4,84,18,7,8,7.50000,2,0,0,4,6,0,4,2,6,9,-3,5),(573,4,85,1,1,5,2.20000,5,2,186,39,23,10,9,4,47,29,18,5),(574,4,86,17,6,6,6.00000,2,0,0,6,6,2,0,4,8,11,-3,5),(575,4,87,19,5,5,5.00000,1,0,0,3,3,1,0,2,3,3,0,5),(576,4,88,5,1,7,4.00000,2,1,50,9,8,2,3,3,11,12,-1,5),(577,4,109,21,8,8,8.00000,1,0,0,2,3,0,2,1,5,7,-2,5),(578,4,37,10,2,2,2.00000,1,0,43,9,5,3,0,2,14,10,4,6),(579,4,39,15,3,3,3.00000,1,0,37,7,5,2,1,2,6,4,2,6),(580,4,45,14,3,8,5.50000,2,0,37,11,8,3,2,3,11,12,-1,6),(581,4,47,2,1,4,2.50000,2,1,82,19,10,6,1,3,21,17,4,6),(582,4,48,16,4,5,4.50000,2,0,32,11,8,3,2,3,15,17,-2,6),(583,4,57,23,6,6,6.00000,1,0,0,1,3,0,1,2,4,6,-2,6),(584,4,58,8,2,8,5.00000,2,0,43,11,8,3,2,3,14,15,-1,6),(585,4,59,19,7,8,7.33333,3,0,0,6,9,2,0,7,5,18,-13,6),(586,4,60,4,4,4,4.00000,2,0,64,16,10,5,1,4,12,14,-2,6),(587,4,61,13,3,7,5.00000,2,0,37,11,8,3,2,3,15,14,1,6),(588,4,63,12,3,5,4.00000,2,0,37,13,8,4,1,3,13,11,2,6),(589,4,64,11,2,2,2.00000,1,0,43,8,5,2,2,1,8,6,2,6),(590,4,79,5,1,6,4.75000,4,1,50,20,14,6,2,6,31,26,5,6),(591,4,80,9,2,2,2.00000,1,0,43,11,5,3,2,0,12,3,9,6),(592,4,81,3,3,5,3.66667,3,0,74,19,13,5,4,4,26,28,-2,6),(593,4,83,18,4,4,4.00000,1,0,32,4,5,1,1,3,6,13,-7,6),(594,4,84,21,7,8,7.50000,2,0,0,4,6,0,4,2,6,9,-3,6),(595,4,85,1,1,5,2.66667,6,2,186,43,26,11,10,5,52,34,18,6),(596,4,86,20,6,6,6.00000,2,0,0,6,6,2,0,4,8,11,-3,6),(597,4,87,22,5,5,5.00000,1,0,0,3,3,1,0,2,3,3,0,6),(598,4,88,6,1,7,4.00000,2,1,50,9,8,2,3,3,11,12,-1,6),(599,4,109,25,8,8,8.00000,1,0,0,2,3,0,2,1,5,7,-2,6),(600,4,118,17,4,4,4.00000,1,0,32,4,5,1,1,3,9,14,-5,6),(601,4,119,7,1,1,1.00000,1,1,50,15,5,5,0,0,12,6,6,6),(602,4,130,24,7,7,7.00000,1,0,0,1,3,0,1,2,5,9,-4,6),(603,4,135,26,8,8,8.00000,1,0,0,1,3,0,1,2,3,8,-5,6),(604,4,37,10,2,2,2.00000,1,0,43,9,5,3,0,2,14,10,4,7),(605,4,39,16,3,3,3.00000,1,0,37,7,5,2,1,2,6,4,2,7),(606,4,45,15,3,8,5.50000,2,0,37,11,8,3,2,3,11,12,-1,7),(607,4,47,4,1,4,2.50000,2,1,82,19,10,6,1,3,21,17,4,7),(608,4,48,17,4,5,4.50000,2,0,32,11,8,3,2,3,15,17,-2,7),(609,4,57,25,6,6,6.00000,1,0,0,1,3,0,1,2,4,6,-2,7),(610,4,58,8,2,8,5.00000,2,0,43,11,8,3,2,3,14,15,-1,7),(611,4,59,21,6,8,7.00000,4,0,0,10,12,3,1,8,7,20,-13,7),(612,4,60,5,4,4,4.00000,2,0,64,16,10,5,1,4,12,14,-2,7),(613,4,61,14,3,7,5.00000,2,0,37,11,8,3,2,3,15,14,1,7),(614,4,63,13,3,5,4.00000,2,0,37,13,8,4,1,3,13,11,2,7),(615,4,64,11,2,2,2.00000,1,0,43,8,5,2,2,1,8,6,2,7),(616,4,79,6,1,6,4.75000,4,1,50,20,14,6,2,6,31,26,5,7),(617,4,80,9,2,2,2.00000,1,0,43,11,5,3,2,0,12,3,9,7),(618,4,81,2,1,5,3.00000,4,1,124,29,18,8,5,5,36,32,4,7),(619,4,83,20,4,4,4.00000,1,0,32,4,5,1,1,3,6,13,-7,7),(620,4,84,23,7,8,7.50000,2,0,0,4,6,0,4,2,6,9,-3,7),(621,4,85,1,1,5,2.66667,6,2,186,43,26,11,10,5,52,34,18,7),(622,4,86,22,5,6,5.66667,3,0,0,10,9,3,1,5,11,14,-3,7),(623,4,87,24,5,5,5.00000,1,0,0,3,3,1,0,2,3,3,0,7),(624,4,88,7,1,7,4.00000,2,1,50,9,8,2,3,3,11,12,-1,7),(625,4,109,27,8,8,8.00000,1,0,0,2,3,0,2,1,5,7,-2,7),(626,4,117,19,4,4,4.00000,1,0,32,7,5,2,1,2,5,5,0,7),(627,4,118,18,4,7,5.50000,2,0,32,5,8,1,2,5,12,20,-8,7),(628,4,119,3,1,3,2.00000,2,1,87,25,10,8,1,1,17,9,8,7),(629,4,130,26,7,7,7.00000,1,0,0,1,3,0,1,2,5,9,-4,7),(630,4,135,28,8,8,8.00000,1,0,0,1,3,0,1,2,3,8,-5,7),(631,4,136,12,2,2,2.00000,1,0,43,8,5,2,2,1,4,5,-1,7),(632,4,155,29,8,8,8.00000,1,0,0,0,3,0,0,3,2,6,-4,7);
/*!40000 ALTER TABLE `ranking` ENABLE KEYS */;
UNLOCK TABLES;

--
-- Table structure for table `score`
--

DROP TABLE IF EXISTS `score`;
/*!40101 SET @saved_cs_client     = @@character_set_client */;
/*!40101 SET character_set_client = utf8 */;
CREATE TABLE `score` (
  `id` bigint(10) unsigned NOT NULL AUTO_INCREMENT,
  `championship_type_id` bigint(10) unsigned NOT NULL,
  `num_pos` smallint(5) unsigned NOT NULL,
  `num_points` smallint(5) unsigned NOT NULL,
  PRIMARY KEY (`id`),
  UNIQUE KEY `id_unique` (`id`),
  KEY `fk_scoring_championship_type` (`championship_type_id`),
  CONSTRAINT `fk_scoring_championship_type` FOREIGN KEY (`championship_type_id`) REFERENCES `championship_type` (`id`)
) ENGINE=InnoDB AUTO_INCREMENT=69 DEFAULT CHARSET=latin1;
/*!40101 SET character_set_client = @saved_cs_client */;

--
-- Dumping data for table `score`
--

LOCK TABLES `score` WRITE;
/*!40000 ALTER TABLE `score` DISABLE KEYS */;
INSERT INTO `score` VALUES (1,1,1,50),(2,1,2,43),(3,1,3,37),(4,1,4,32),(5,1,5,28),(6,1,6,25),(7,1,7,22),(8,1,8,19),(9,1,9,16),(10,1,10,14),(11,1,11,12),(12,1,12,10),(13,1,13,8),(14,1,14,6),(15,1,15,4),(16,1,16,2),(17,7,1,50),(18,7,2,43),(19,7,3,37),(20,7,4,32),(21,7,5,28),(22,7,6,25),(23,7,7,22),(24,7,8,19),(25,7,9,16),(26,7,10,14),(27,7,11,12),(28,7,12,10),(29,7,13,8),(30,7,14,6),(31,7,15,4),(32,7,16,2),(33,2,1,50),(34,2,2,43),(35,2,3,37),(36,2,4,32),(37,2,5,28),(38,2,6,25),(39,2,7,22),(40,2,8,19),(41,2,9,16),(42,2,10,14),(43,2,11,12),(44,2,12,10),(45,2,13,8),(46,2,14,6),(47,2,15,4),(48,2,16,2),(49,3,1,50),(50,3,2,43),(51,3,3,37),(52,3,4,32),(53,3,5,28),(54,3,6,25),(55,3,7,22),(56,3,8,19),(57,3,9,16),(58,3,10,14),(59,3,11,12),(60,3,12,10),(61,3,13,8),(62,3,14,6),(63,3,15,4),(64,3,16,2),(65,4,1,50),(66,4,2,43),(67,4,3,37),(68,4,4,32);
/*!40000 ALTER TABLE `score` ENABLE KEYS */;
UNLOCK TABLES;

--
-- Table structure for table `team`
--

DROP TABLE IF EXISTS `team`;
/*!40101 SET @saved_cs_client     = @@character_set_client */;
/*!40101 SET character_set_client = utf8 */;
CREATE TABLE `team` (
  `id` bigint(10) unsigned NOT NULL AUTO_INCREMENT,
  `name` varchar(30) NOT NULL,
  `team_type_id` bigint(10) unsigned NOT NULL,
  `full_name` varchar(60) DEFAULT NULL,
  `foundation` varchar(4) DEFAULT NULL,
  `city` varchar(20) DEFAULT NULL,
  `country_id` bigint(10) unsigned NOT NULL,
  `logo_img_file` varchar(255) DEFAULT NULL,
  PRIMARY KEY (`id`),
  UNIQUE KEY `name_unique` (`name`),
  UNIQUE KEY `id_unique` (`id`),
  KEY `fk_team_country` (`country_id`),
  KEY `fk_team_team_type` (`team_type_id`),
  CONSTRAINT `fk_team_country` FOREIGN KEY (`country_id`) REFERENCES `country` (`id`),
  CONSTRAINT `fk_team_team_type` FOREIGN KEY (`team_type_id`) REFERENCES `team_type` (`id`)
) ENGINE=InnoDB AUTO_INCREMENT=162 DEFAULT CHARSET=latin1;
/*!40101 SET character_set_client = @saved_cs_client */;

--
-- Dumping data for table `team`
--

LOCK TABLES `team` WRITE;
/*!40000 ALTER TABLE `team` DISABLE KEYS */;
INSERT INTO `team` VALUES (36,'Corinthians',1,'Sport Club Corinthians Paulista','1910','São Paulo',6,'BRA_Corinthians'),(37,'Palmeiras',1,'Sociedade Esportiva Palmeiras','1914','São Paulo',6,'BRA_Palmeiras'),(38,'São Paulo',1,'São Paulo Futebol Clube','1935','São Paulo',6,'BRA_Sao_Paulo'),(39,'Santos',1,'Santos Futebol Clube','1912','Santos',6,'BRA_Santos'),(40,'Flamengo',1,'Clube de Regatas Flamengo','1895','Rio de Janeiro',6,'BRA_Flamengo'),(41,'Fluminense',1,'Fluminense Football Club','1902','Rio de Janeiro',6,'BRA_Fluminense'),(42,'Vasco',1,'Clube de Regatas Vasco da Gama','1898','Rio de Janeiro',6,'BRA_Vasco'),(43,'Botafogo',1,'Botafogo de Futebol e Regatas','1904','Niterói',6,'BRA_Botafogo'),(44,'Coritiba',1,'Coritiba Foot Ball Club','1909','Curitiba',6,'BRA_Coritiba'),(45,'Atlético Paranaense',1,'Clube Atlético Paranaense','1924','Curitiba',6,'BRA_Atletico_Paranaense'),(46,'Guarani',1,'Guarani Futebol Clube','1911','Campinas',6,'BRA_Guarani'),(47,'Portuguesa',1,'Associação Portuguesa de Desportos','1920','São Paulo',6,'BRA_Portuguesa'),(48,'Peñarol',1,'Club Atlético Peñarol','1891','Montevidéu',31,'URU_Penarol'),(49,'Brasil',2,'Confederação Brasileira de Futebol','1914','Rio de Janeiro',6,'BRA'),(50,'Itália',2,'Federazione Italiana Giuoco Calcio','1898','Roma',20,'ITA'),(51,'Holanda',2,'Koninklijke Nederlandse Voetbalbond','1889','Zeist',18,'HOL'),(52,'Argentina',2,'Asociacón de Fútbol Argentino','1893','Buenos Aires',3,'ARG'),(53,'Uruguai',2,'Asociación Uruguaya de Fútbol','1900','Montevidéu',31,'URU'),(56,'Paraguai',2,'Asociación Paraguaya de Fútbol','1906','Assunção',23,'PAR'),(57,'Inter de Milão',1,'Football Club Internazionale Milano','1908','Milão',20,'ITA_Inter_de_Milao'),(58,'Milan',1,'Associazione Calcio Milan','1899','Milão',20,'ITA_Milan'),(59,'Napoli',1,'Società Sportiva Napoli','1925','Napoli',20,'ITA_Napoli'),(60,'Porto',1,'Futebol Clube do Porto','1893','Porto',26,'POR_Porto'),(61,'Sporting Lisboa',1,'Sporting Clube de Portugal','1906','Lisboa',26,'POR_Sporting_Lisboa'),(63,'Real Madri',1,'Real Madrid Club de Fútbol','1902','Madri',14,'ESP_Real_Madri'),(64,'Benfica',1,'Sport Lisboa e Benfica','1904','Lisboa',26,'POR_Benfica'),(65,'Chile',2,'Federación de Fútbol de Chile','1895','Santiago',8,'CHI'),(68,'Alemanha',2,'Deutscher Fussball-Bund','1900','Frankfurt',1,'ALE'),(71,'Barcelona',1,'Fútbol Club Barcelona','1899','Barcelona',14,'ESP_Barcelona'),(73,'Grêmio',1,'Grêmio Foot Ball Porto Alegrense','1903','Porto Alegre',6,'BRA_Gremio'),(74,'Internacional',1,'Sport Club Internacional','1909','Porto Alegre',6,'BRA_Internacional'),(79,'Manchester United',1,'Manchester United Football Club','1878','Manchester',19,'ING_Manchester_United'),(80,'Bayern de Munique',1,'Fussball Club Bayern München','1900','Munique',1,'ALE_Bayern_de_Munique'),(81,'Borussia Dortmund',1,'Ballspiel-Verein Borussia 1909 e.V. Dortmund','1909','Dortmund',1,'ALE_Borussia_Dortmund'),(82,'Ajax',1,'Amsterdamsche Football Club Ajax','1900','Amsterdam',18,'HOL_Ajax'),(83,'Juventus',1,'Football Club Juventus','1897','Turim',20,'ITA_Juventus'),(84,'River Plate',1,'Club Atlético River Plate','1901','Buenos Aires',3,'ARG_River_Plate'),(85,'Boca Juniors',1,'Club Atlético Boca Juniors','1905','Buenos Aires',3,'ARG_Boca_Juniors'),(86,'Independiente',1,'Club Atlético Independiente','1905','Avellaneda',3,'ARG_Independiente'),(87,'Colo Colo',1,'Club Social y Deportivo Colo Colo','1925','Santiago',8,'CHI_Colo_Colo'),(88,'Necaxa',1,'Impulsora del Deportivo Necaxa','1923','Cidade do México',21,'MEX_Necaxa'),(89,'Deportivo Cali',1,'Asociación Deportivo Cali','1943','Cali',9,'COL_Deportivo_Cali'),(90,'Cerro Porteño',1,'Club Cerro Porteño','1912','Assunção',23,'PAR_Cerro_Porteno'),(91,'Cruzeiro',1,'Cruzeiro Esporte Clube','1921','Belo Horizonte',6,'BRA_Cruzeiro'),(92,'Atlético Mineiro',1,'Clube Atlético Mineiro','1908','Belo Horizonte',6,'BRA_Atletico_Mineiro'),(93,'Colômbia',2,'Federación Colombiana de Fútbol','1924','Bogotá',9,'COL'),(94,'Suécia',2,'Svenska Fotboll Förbundet','1904','Solna',29,'SUE'),(95,'Inglaterra',2,'The Football Association','1863','Londres',19,'ING'),(96,'França',2,'Fédération Française de Football','1919','Paris',16,'FRA'),(109,'Sporting Cristal',1,'Club Sporting Cristal','1954','Lima',24,'PER_Sporting_Cristal'),(110,'Ponte Preta',1,'Associação Atlética Ponte Preta','1900','Campinas',6,'BRA_Ponte_Preta'),(113,'Bahia',1,'Esporte Clube Bahia','1931','Salvador',6,'BRA_Bahia'),(114,'Goiás',1,'Goiás Esporte Clube','1943','Goiânia',6,'BRA_Goias'),(115,'Sport Recife',1,'Sport Clube do Recife','1905','Recife',6,'BRA_Sport_Recife'),(116,'Olimpia',1,'Club Olimpia','1902','Assunção',23,'PAR_Olimpia'),(117,'Nacional',1,'Club Nacional de Football','1899','Montevidéu',31,'URU_Nacional'),(118,'América de Cali',1,'Corporación Deportiva América','1927','Cali',9,'COL_America_de_Cali'),(119,'Liverpool',1,'Liverpool Football Club','1892','Liverpool',19,'ING_Liverpool'),(120,'Valencia',1,'Valencia Club de Fútbol','1919','Valencia',14,'ESP_Valencia'),(121,'Paris Saint-Germain',1,'Paris Saint-Germain','1970','Paris',16,'FRA_Paris_Saint-Germain'),(122,'Celtic',1,'Celtic Football Club','1888','Glasgow',13,'ESC_Celtic'),(123,'Parma',1,'Parma Associazione Calcio','1913','Parma',20,'ITA_Parma'),(124,'Vitória',1,'Esporte Clube Vitória','1899','Salvador',6,'BRA_Vitoria'),(125,'São Caetano',1,'Associação Desportiva São Caetano','1989','São Caetano do Sul',6,'BRA_Sao_Caetano'),(126,'Juventude',1,'Esporte Clube Juventude','1913','Caxias do Sul',6,'BRA_Juventude'),(127,'Paysandu',1,'Paysandu Sport Clube','1914','Belém',6,'BRA_Paysandu'),(128,'Vélez Sarsfield',1,'Club Atlético Vélez Sarsfield','1910','Buenos Aires',3,'ARG_Velez_Sarsfield'),(129,'Atlético Nacional',1,'Corporación Deportiva Club Atlético Nacional','1951','Medellín',9,'COL_Atletico_Nacional'),(130,'Universidad Católica',1,'Club Deportivo Universidad Católica','1937','Santiago',8,'CHI_Universidad_Catolica'),(131,'Emelec',1,'Club Sport Emelec','1929','Guayaquil',12,'EQU_Emelec'),(132,'Arsenal',1,'Arsenal Footbal Club','1886','Londres',19,'ING_Arsenal'),(133,'PSV Eindhoven',1,'Philips Sport Vereniging Eindhoven','1913','Eindhoven',18,'HOL_PSV_Eindhoven'),(134,'Olympiakos',1,'Olympiakos Syndesmos Filathlon Peiraios','1925','Pireus',17,'GRE_Olympiakos'),(135,'Roma',1,'Associazione Sportiva Roma','1927','Roma',20,'ITA_Roma'),(136,'Lazio',1,'Societá Sportiva Lazio','1900','Roma',20,'ITA_Lazio'),(137,'Spartak Moscou',1,'Spartak Moskva','1922','Moscou',28,'RUS_Spartak_Moscou'),(138,'Camarões',2,'Fédération Camerounaise de Football','1959','Yaoundé',7,'CAM'),(139,'Nigéria',2,'Nigeria Football Association','1945','Abuja',22,'NIG'),(140,'México',2,'Federación Mexicana de Fútbol Asociación AC','1927','Cidade do México',21,'MEX'),(141,'Dinamarca',2,'Dansk Boldspil Union','1889','Brøndby',11,'DIN'),(142,'Bélgica',2,'Union Royale Belge des Sociétés de Football Association','1895','Bruxelas',4,'BEL'),(143,'Coréia do Sul',2,'Korea Football Association','1928','Seul',10,'COR'),(144,'Rússia',2,'Rossiiski Futbolnyi Soyuz ','1912','Moscou',28,'RUS'),(145,'Espanha',2,'Real Federación Española de Fútbol','1913','Madri',14,'ESP'),(146,'Galatasaray',1,'Galatasaray Spor Kulübü','1905','Istambul',30,'TUR_Galatasaray'),(147,'Bayer Leverkusen',1,'Bayer 04 Leverkusen Sporting Club','1904','Leverkusen',1,'ALE_Bayer_Leverkusen'),(148,'Steaua Bucareste',1,'Fotbal Club Steaua Bucuresti','1947','Bucareste',27,'ROM_Steaua_Bucareste'),(149,'Olympique de Marselha',1,'Olympique de Marseille','1899','Marselha',16,'FRA_Olympique_de_Marselha'),(150,'Bolívar',1,'Club Bolívar','1925','La Paz',5,'BOL_Bolivar'),(151,'Estudiantes',1,'Club Estudiantes de La Plata','1905','La Plata',3,'ARG_Estudiantes'),(152,'The Strongest',1,'Club The Strongest','1908','La Paz',5,'BOL_The_Strongest'),(153,'Universitario',1,'Club Universitario de Deportes','1924','Lima',24,'PER_Universitario'),(154,'Racing',1,'Racing Club','1903','Avellaneda',3,'ARG_Racing'),(155,'Barcelona de Guaiaquil',1,'Barcelona Sporting Club','1925','Guaiaquil',12,'EQU_Barcelona_de_Guaiaquil'),(156,'América',1,'Club de Fútbol América','1916','Cidade do México',21,'MEX_America'),(157,'Polônia',2,'Polski Zwiazek Pilki Noznej','1919','Varsóvia',25,'POL'),(158,'Arábia Saudita',2,'Saudi Arabian Football Federation','1959','Riad',2,'ARA'),(159,'Portugal',2,'Federação Portuguesa de Futebol','1914','Lisboa',26,'POR'),(160,'Estados Unidos',2,'United States Soccer Federation','1913','Chicago',15,'EUA'),(161,'Bangu',1,NULL,NULL,NULL,6,NULL);
/*!40000 ALTER TABLE `team` ENABLE KEYS */;
UNLOCK TABLES;

--
-- Table structure for table `team_type`
--

DROP TABLE IF EXISTS `team_type`;
/*!40101 SET @saved_cs_client     = @@character_set_client */;
/*!40101 SET character_set_client = utf8 */;
CREATE TABLE `team_type` (
  `id` bigint(10) unsigned NOT NULL AUTO_INCREMENT,
  `description` varchar(20) NOT NULL,
  PRIMARY KEY (`id`),
  UNIQUE KEY `id_unique` (`id`)
) ENGINE=InnoDB AUTO_INCREMENT=3 DEFAULT CHARSET=latin1;
/*!40101 SET character_set_client = @saved_cs_client */;

--
-- Dumping data for table `team_type`
--

LOCK TABLES `team_type` WRITE;
/*!40000 ALTER TABLE `team_type` DISABLE KEYS */;
INSERT INTO `team_type` VALUES (1,'Club'),(2,'National Team');
/*!40000 ALTER TABLE `team_type` ENABLE KEYS */;
UNLOCK TABLES;

--
-- Table structure for table `unified_ranking`
--

DROP TABLE IF EXISTS `unified_ranking`;
/*!40101 SET @saved_cs_client     = @@character_set_client */;
/*!40101 SET character_set_client = utf8 */;
CREATE TABLE `unified_ranking` (
  `id` bigint(10) unsigned NOT NULL AUTO_INCREMENT,
  `unified_ranking_type_id` bigint(10) unsigned NOT NULL,
  `team_id` bigint(10) unsigned NOT NULL,
  `num_ranking_pos` smallint(5) unsigned NOT NULL,
  `num_best_pos` smallint(5) unsigned NOT NULL,
  `num_worst_pos` smallint(5) unsigned NOT NULL,
  `num_avg_pos` double(15,5) unsigned NOT NULL,
  `num_participations` int(10) unsigned NOT NULL,
  `num_championships` int(10) unsigned NOT NULL,
  `num_ranking_points` int(10) unsigned NOT NULL,
  `num_points` int(10) unsigned NOT NULL,
  `num_games` int(10) unsigned NOT NULL,
  `num_wins` int(10) unsigned NOT NULL,
  `num_draws` int(10) unsigned NOT NULL,
  `num_losses` int(10) unsigned NOT NULL,
  `num_scored_goals` int(10) unsigned NOT NULL,
  `num_conceded_goals` int(10) unsigned NOT NULL,
  `num_diff_goals` int(10) NOT NULL,
  `num_up_to_edition` int(10) unsigned NOT NULL,
  PRIMARY KEY (`id`),
  UNIQUE KEY `id_unique` (`id`),
  KEY `fk_unified_ranking_team` (`team_id`),
  KEY `fk_unified_ranking_unified_ranking_type` (`unified_ranking_type_id`),
  CONSTRAINT `fk_unified_ranking_team` FOREIGN KEY (`team_id`) REFERENCES `team` (`id`),
  CONSTRAINT `fk_unified_ranking_unified_ranking_type` FOREIGN KEY (`unified_ranking_type_id`) REFERENCES `unified_ranking_type` (`id`)
) ENGINE=InnoDB AUTO_INCREMENT=1084 DEFAULT CHARSET=latin1;
/*!40101 SET character_set_client = @saved_cs_client */;

--
-- Dumping data for table `unified_ranking`
--

LOCK TABLES `unified_ranking` WRITE;
/*!40000 ALTER TABLE `unified_ranking` DISABLE KEYS */;
INSERT INTO `unified_ranking` VALUES (1,16,138,1,4,4,4.00000,1,0,96,10,6,3,1,2,8,5,3,5),(2,16,139,2,16,16,16.00000,1,0,0,3,3,1,0,2,4,7,-3,5),(3,16,138,1,2,4,3.00000,2,0,225,25,12,8,1,3,22,11,11,6),(4,16,139,2,16,16,16.00000,2,0,0,4,6,1,1,4,9,16,-7,6),(5,17,143,1,7,7,7.00000,1,0,66,4,4,1,1,2,5,5,0,5),(6,17,143,1,7,20,13.50000,2,0,66,5,7,1,2,4,7,13,-6,6),(7,10,80,1,1,2,1.50000,2,1,229,27,11,8,3,0,25,6,19,1),(8,10,81,2,8,8,8.00000,1,0,38,6,4,2,0,2,6,8,-2,1),(9,10,80,1,1,5,2.50000,3,1,285,32,15,9,5,1,29,10,19,2),(10,10,81,2,1,8,4.75000,3,1,138,21,13,6,3,4,21,22,-1,2),(11,10,80,1,1,7,3.16667,4,1,329,38,19,11,5,3,36,19,17,3),(12,10,81,2,1,9,5.50000,4,1,138,23,16,6,5,5,25,28,-3,3),(13,10,80,1,1,7,3.12500,5,1,393,46,25,13,7,5,46,30,16,4),(14,10,81,2,1,9,4.50000,6,1,335,40,27,11,7,9,41,47,-6,4),(15,10,80,1,1,13,4.00000,6,1,393,47,28,13,8,7,50,38,12,5),(16,10,81,2,1,9,4.70000,7,1,379,46,31,13,7,11,50,55,-5,5),(17,10,80,2,1,23,5.41667,7,1,393,47,31,13,8,10,50,46,4,6),(18,10,81,1,1,9,4.41667,9,1,554,64,43,18,10,15,71,72,-1,6),(19,10,80,2,1,23,5.41667,7,1,393,47,31,13,8,10,50,46,4,7),(20,10,81,1,1,9,3.85714,11,2,790,88,55,25,13,17,91,81,10,7),(21,10,147,3,23,23,23.00000,1,0,0,0,3,0,0,3,2,5,-3,7),(22,2,39,2,1,3,2.00000,2,1,211,22,11,7,1,3,17,9,8,1),(23,2,40,7,7,7,7.00000,1,0,44,5,4,1,2,1,7,8,-1,1),(24,2,44,6,6,6,6.00000,1,0,50,6,4,2,0,2,3,4,-1,1),(25,2,47,12,12,12,12.00000,1,0,0,0,3,0,0,3,2,8,-6,1),(26,2,48,8,8,8,8.00000,1,0,38,4,4,1,1,2,5,9,-4,1),(27,2,84,4,3,7,5.00000,2,0,74,15,9,4,3,2,17,11,6,1),(28,2,85,3,2,5,3.50000,2,0,86,17,9,5,2,2,15,7,8,1),(29,2,86,11,11,11,11.00000,1,0,0,1,3,0,1,2,2,7,-5,1),(30,2,87,9,9,9,9.00000,1,0,0,3,3,1,0,2,5,3,2,1),(31,2,88,1,1,4,2.50000,2,1,214,18,11,5,3,3,15,15,0,1),(32,2,89,10,10,10,10.00000,1,0,0,1,3,0,1,2,1,4,-3,1),(33,2,90,5,5,5,5.00000,1,0,56,4,4,1,1,2,3,4,-1,1),(34,2,37,13,8,8,8.00000,1,0,38,3,4,0,3,1,4,5,-1,2),(35,2,39,2,1,4,2.75000,3,1,275,30,17,9,3,5,27,19,8,2),(36,2,40,11,7,7,7.00000,1,0,44,5,4,1,2,1,7,8,-1,2),(37,2,44,10,6,6,6.00000,1,0,50,6,4,2,0,2,3,4,-1,2),(38,2,45,4,2,3,2.50000,2,0,197,18,11,5,3,3,15,13,2,2),(39,2,47,8,5,12,8.50000,2,0,56,5,7,1,2,4,7,14,-7,2),(40,2,48,12,8,11,9.50000,2,0,38,6,7,1,3,3,8,13,-5,2),(41,2,84,5,3,7,6.00000,3,0,118,19,13,5,4,4,25,19,6,2),(42,2,85,1,1,5,2.75000,4,1,310,41,20,12,5,3,33,18,15,2),(43,2,86,6,1,11,6.00000,3,1,100,17,12,5,2,5,23,24,-1,2),(44,2,87,14,9,10,9.50000,2,0,0,6,6,1,3,2,10,8,2,2),(45,2,88,3,1,9,5.25000,4,1,214,22,17,6,4,7,23,29,-6,2),(46,2,89,9,6,10,8.00000,2,0,50,6,7,1,3,3,5,7,-2,2),(47,2,90,7,5,12,8.50000,2,0,56,5,7,1,2,4,4,8,-4,2),(48,2,37,14,8,8,8.00000,1,0,38,3,4,0,3,1,4,5,-1,3),(49,2,39,2,1,7,3.50000,4,1,319,36,21,11,3,7,36,26,10,3),(50,2,40,13,7,7,7.00000,1,0,44,5,4,1,2,1,7,8,-1,3),(51,2,41,15,11,11,11.00000,1,0,0,1,3,0,1,2,4,7,-3,3),(52,2,44,12,6,6,6.00000,1,0,50,6,4,2,0,2,3,4,-1,3),(53,2,45,3,2,8,4.00000,4,0,271,28,20,8,4,8,25,27,-2,3),(54,2,47,10,5,12,8.50000,2,0,56,5,7,1,2,4,7,14,-7,3),(55,2,48,9,8,11,9.00000,3,0,76,13,11,3,4,4,16,19,-3,3),(56,2,84,6,3,10,6.83333,4,0,118,21,16,5,6,5,28,23,5,3),(57,2,85,1,1,5,2.50000,6,1,525,61,31,18,7,6,55,34,21,3),(58,2,86,5,1,11,5.66667,5,1,164,25,21,7,4,10,36,40,-4,3),(59,2,87,8,1,10,5.83333,4,1,100,17,15,3,8,4,23,20,3,3),(60,2,88,4,1,9,5.16667,5,1,264,30,21,8,6,7,32,36,-4,3),(61,2,89,11,6,10,8.33333,3,0,50,8,10,1,5,4,8,11,-3,3),(62,2,90,7,5,12,7.33333,3,0,112,12,11,3,3,5,12,15,-3,3),(63,2,91,16,12,12,12.00000,1,0,0,1,3,0,1,2,2,7,-5,3),(64,2,37,17,8,8,8.00000,1,0,38,3,4,0,3,1,4,5,-1,4),(65,2,39,2,1,7,3.50000,4,1,319,36,21,11,3,7,36,26,10,4),(66,2,40,16,7,7,7.00000,1,0,44,5,4,1,2,1,7,8,-1,4),(67,2,41,19,11,11,11.00000,1,0,0,1,3,0,1,2,4,7,-3,4),(68,2,42,15,7,7,7.00000,1,0,44,5,4,1,2,1,2,1,1,4),(69,2,44,14,6,6,6.00000,1,0,50,6,4,2,0,2,3,4,-1,4),(70,2,45,5,2,8,4.00000,4,0,271,28,20,8,4,8,25,27,-2,4),(71,2,46,18,10,10,10.00000,1,0,0,2,3,0,2,1,1,2,-1,4),(72,2,47,4,1,12,3.66667,4,1,292,24,18,6,6,6,30,29,1,4),(73,2,48,6,3,11,5.75000,5,0,246,32,22,8,8,6,38,40,-2,4),(74,2,73,12,5,5,5.00000,1,0,56,4,4,1,1,2,4,6,-2,4),(75,2,84,9,3,10,6.83333,4,0,118,21,16,5,6,5,28,23,5,4),(76,2,85,1,1,5,2.62500,8,1,718,74,42,21,11,10,77,54,23,4),(77,2,86,7,1,11,6.12500,6,1,164,27,24,7,6,11,38,45,-7,4),(78,2,87,8,1,10,6.00000,5,1,138,22,19,4,10,5,29,25,4,4),(79,2,88,3,1,9,5.12500,6,1,314,38,25,10,8,7,37,39,-2,4),(80,2,89,13,6,12,9.25000,4,0,50,9,13,1,6,6,9,15,-6,4),(81,2,90,10,5,12,8.25000,4,0,112,13,14,3,4,7,18,23,-5,4),(82,2,91,20,12,12,12.00000,1,0,0,1,3,0,1,2,2,7,-5,4),(83,2,109,11,1,8,4.50000,2,1,100,14,9,3,5,1,17,14,3,4),(84,2,36,20,8,8,8.00000,1,0,38,7,4,2,1,1,12,13,-1,5),(85,2,37,21,8,8,8.00000,1,0,38,3,4,0,3,1,4,5,-1,5),(86,2,38,12,4,4,4.00000,1,0,64,9,6,3,0,3,14,17,-3,5),(87,2,39,4,1,7,3.50000,4,1,319,36,21,11,3,7,36,26,10,5),(88,2,40,19,7,7,7.00000,1,0,44,5,4,1,2,1,7,8,-1,5),(89,2,41,23,11,11,11.00000,1,0,0,1,3,0,1,2,4,7,-3,5),(90,2,42,18,7,7,7.00000,1,0,44,5,4,1,2,1,2,1,1,5),(91,2,44,15,6,6,6.00000,1,0,50,6,4,2,0,2,3,4,-1,5),(92,2,45,6,2,15,6.08333,5,0,271,29,23,8,5,10,30,36,-6,5),(93,2,46,22,10,10,10.00000,1,0,0,2,3,0,2,1,1,2,-1,5),(94,2,47,2,1,12,4.41667,5,1,388,33,23,9,6,8,40,39,1,5),(95,2,48,3,1,11,5.35000,7,1,346,50,31,13,11,7,53,49,4,5),(96,2,73,13,5,5,5.00000,1,0,56,4,4,1,1,2,4,6,-2,5),(97,2,84,7,3,10,6.62500,6,0,192,32,25,8,8,9,47,35,12,5),(98,2,85,1,1,5,2.40000,10,2,954,99,53,28,15,10,108,69,39,5),(99,2,86,8,1,11,6.50000,7,1,164,30,27,8,6,13,43,51,-8,5),(100,2,87,10,1,16,6.90000,6,1,138,23,22,4,11,7,33,35,-2,5),(101,2,88,5,1,9,5.40000,7,1,314,41,28,11,8,9,42,45,-3,5),(102,2,89,14,6,12,9.80000,5,0,50,12,16,2,6,8,14,23,-9,5),(103,2,90,11,5,12,8.80000,5,0,112,16,17,4,4,9,24,31,-7,5),(104,2,91,24,12,12,12.00000,1,0,0,1,3,0,1,2,2,7,-5,5),(105,2,92,25,13,13,13.00000,1,0,0,3,3,1,0,2,8,10,-2,5),(106,2,109,9,1,8,5.50000,3,1,156,18,13,4,6,3,22,21,1,5),(107,2,116,17,7,7,7.00000,1,0,44,6,4,2,0,2,14,14,0,5),(108,2,117,16,6,6,6.00000,1,0,50,5,4,1,2,1,9,8,1,5),(109,2,118,26,14,14,14.00000,1,0,0,3,3,1,0,2,4,6,-2,5),(110,2,36,24,8,8,8.00000,1,0,38,7,4,2,1,1,12,13,-1,6),(111,2,37,7,2,8,3.50000,3,0,253,27,15,8,3,4,36,25,11,6),(112,2,38,16,4,4,4.00000,1,0,64,9,6,3,0,3,14,17,-3,6),(113,2,39,4,1,7,3.50000,4,1,319,36,21,11,3,7,36,26,10,6),(114,2,40,23,7,7,7.00000,1,0,44,5,4,1,2,1,7,8,-1,6),(115,2,41,27,11,11,11.00000,1,0,0,1,3,0,1,2,4,7,-3,6),(116,2,42,22,7,7,7.00000,1,0,44,5,4,1,2,1,2,1,1,6),(117,2,44,20,6,6,6.00000,1,0,50,6,4,2,0,2,3,4,-1,6),(118,2,45,6,2,15,6.08333,5,0,271,29,23,8,5,10,30,36,-6,6),(119,2,46,26,10,10,10.00000,1,0,0,2,3,0,2,1,1,2,-1,6),(120,2,47,2,1,12,5.00000,6,1,388,37,26,10,7,9,46,43,3,6),(121,2,48,3,1,11,5.66667,8,1,346,54,34,14,12,8,56,52,4,6),(122,2,73,18,5,5,5.00000,1,0,56,4,4,1,1,2,4,6,-2,6),(123,2,84,8,3,10,6.55000,7,0,248,39,29,10,9,10,56,41,15,6),(124,2,85,1,1,6,2.91667,12,2,1004,109,60,31,16,13,122,82,40,6),(125,2,86,10,1,11,6.66667,8,1,164,34,30,9,7,14,48,55,-7,6),(126,2,87,12,1,18,7.66667,7,1,138,24,25,4,12,9,35,39,-4,6),(127,2,88,5,1,14,6.00000,8,1,314,44,31,12,8,11,45,49,-4,6),(128,2,89,19,6,12,10.16667,6,0,50,16,19,3,7,9,16,25,-9,6),(129,2,90,13,5,17,10.16667,6,0,112,19,20,5,4,11,27,36,-9,6),(130,2,91,28,12,12,12.00000,1,0,0,1,3,0,1,2,2,7,-5,6),(131,2,92,29,13,13,13.00000,1,0,0,3,3,1,0,2,8,10,-2,6),(132,2,109,11,1,20,8.33333,4,1,156,18,16,4,6,6,22,28,-6,6),(133,2,113,17,4,4,4.00000,1,0,64,7,6,2,1,3,10,8,2,6),(134,2,116,21,7,13,10.00000,2,0,44,10,7,3,1,3,20,21,-1,6),(135,2,117,15,6,7,6.50000,2,0,94,11,8,3,2,3,13,14,-1,6),(136,2,118,9,3,14,6.25000,3,0,170,19,14,6,1,7,23,27,-4,6),(137,2,126,31,16,16,16.00000,1,0,0,4,3,1,1,1,2,2,0,6),(138,2,128,30,15,15,15.00000,1,0,0,2,3,0,2,1,5,7,-2,6),(139,2,129,25,8,8,8.00000,1,0,38,6,4,2,0,2,4,8,-4,6),(140,2,130,14,1,7,4.00000,2,1,100,17,9,5,2,2,20,18,2,6),(141,2,131,32,19,19,19.00000,1,0,0,0,3,0,0,3,3,8,-5,6),(142,2,36,27,8,8,8.00000,1,0,38,7,4,2,1,1,12,13,-1,7),(143,2,37,10,2,8,3.50000,3,0,253,27,15,8,3,4,36,25,11,7),(144,2,38,19,4,4,4.00000,1,0,64,9,6,3,0,3,14,17,-3,7),(145,2,39,5,1,7,3.50000,4,1,319,36,21,11,3,7,36,26,10,7),(146,2,40,17,7,8,7.50000,2,0,82,17,9,5,2,2,15,12,3,7),(147,2,41,34,11,11,11.00000,1,0,0,1,3,0,1,2,4,7,-3,7),(148,2,42,25,7,7,7.00000,1,0,44,5,4,1,2,1,2,1,1,7),(149,2,44,23,6,6,6.00000,1,0,50,6,4,2,0,2,3,4,-1,7),(150,2,45,8,2,15,6.08333,5,0,271,29,23,8,5,10,30,36,-6,7),(151,2,46,33,10,10,10.00000,1,0,0,2,3,0,2,1,1,2,-1,7),(152,2,47,2,1,12,5.00000,6,1,388,37,26,10,7,9,46,43,3,7),(153,2,48,3,1,11,5.82143,9,1,378,60,38,16,12,10,66,58,8,7),(154,2,73,21,5,5,5.00000,1,0,56,4,4,1,1,2,4,6,-2,7),(155,2,84,6,3,10,6.50000,8,0,304,48,34,13,9,12,70,50,20,7),(156,2,85,1,1,12,3.54762,13,2,1024,118,64,34,16,14,130,85,45,7),(157,2,86,11,1,11,6.26190,10,1,228,51,40,14,9,17,66,68,-2,7),(158,2,87,13,1,18,7.66667,7,1,138,24,25,4,12,9,35,39,-4,7),(159,2,88,4,1,14,6.14286,9,1,342,51,35,14,9,12,53,53,0,7),(160,2,89,22,6,23,12.00000,7,0,50,16,22,3,7,12,21,34,-13,7),(161,2,90,15,5,17,10.16667,6,0,112,19,20,5,4,11,27,36,-9,7),(162,2,91,35,12,12,12.00000,1,0,0,1,3,0,1,2,2,7,-5,7),(163,2,92,30,13,15,14.00000,2,0,8,9,7,3,0,4,17,21,-4,7),(164,2,109,12,1,20,8.33333,4,1,156,18,16,4,6,6,22,28,-6,7),(165,2,110,24,6,6,6.00000,1,0,50,6,5,2,0,3,7,10,-3,7),(166,2,113,20,4,4,4.00000,1,0,64,7,6,2,1,3,10,8,2,7),(167,2,116,16,7,13,9.00000,3,0,88,16,12,5,1,6,31,30,1,7),(168,2,117,7,1,7,4.33333,4,1,290,34,20,10,4,6,32,24,8,7),(169,2,118,9,2,14,5.91667,5,0,256,33,24,10,3,11,37,43,-6,7),(170,2,125,39,22,22,22.00000,1,0,0,1,3,0,1,2,2,8,-6,7),(171,2,126,32,16,20,18.00000,2,0,0,7,6,2,1,3,5,12,-7,7),(172,2,127,29,14,14,14.00000,1,0,12,6,4,2,0,2,7,5,2,7),(173,2,128,28,11,15,13.00000,2,0,24,9,7,2,3,2,13,12,1,7),(174,2,129,26,8,17,12.50000,2,0,38,9,7,3,0,4,7,16,-9,7),(175,2,130,14,1,13,7.00000,3,1,116,20,13,6,2,5,23,24,-1,7),(176,2,131,37,19,19,19.00000,1,0,0,0,3,0,0,3,3,8,-5,7),(177,2,151,38,21,21,21.00000,1,0,0,1,3,0,1,2,4,8,-4,7),(178,2,153,36,18,18,18.00000,1,0,0,1,3,0,1,2,5,9,-4,7),(179,2,155,18,3,8,5.50000,2,0,74,13,10,4,1,5,11,13,-2,7),(180,2,156,31,16,16,16.00000,1,0,4,7,4,2,1,1,7,6,1,7),(181,7,84,2,3,7,5.00000,2,0,74,15,9,4,3,2,17,11,6,1),(182,7,85,1,2,5,3.50000,2,0,86,17,9,5,2,2,15,7,8,1),(183,7,86,3,11,11,11.00000,1,0,0,1,3,0,1,2,2,7,-5,1),(184,7,84,2,3,7,6.00000,3,0,118,19,13,5,4,4,25,19,6,2),(185,7,85,1,1,5,2.75000,4,1,310,41,20,12,5,3,33,18,15,2),(186,7,86,3,1,11,6.00000,3,1,100,17,12,5,2,5,23,24,-1,2),(187,7,84,3,3,10,6.83333,4,0,118,21,16,5,6,5,28,23,5,3),(188,7,85,1,1,5,2.50000,6,1,525,61,31,18,7,6,55,34,21,3),(189,7,86,2,1,11,5.66667,5,1,164,25,21,7,4,10,36,40,-4,3),(190,7,84,3,3,10,6.83333,4,0,118,21,16,5,6,5,28,23,5,4),(191,7,85,1,1,5,2.62500,8,1,718,74,42,21,11,10,77,54,23,4),(192,7,86,2,1,11,6.12500,6,1,164,27,24,7,6,11,38,45,-7,4),(193,7,84,2,3,10,6.62500,6,0,192,32,25,8,8,9,47,35,12,5),(194,7,85,1,1,5,2.40000,10,2,954,99,53,28,15,10,108,69,39,5),(195,7,86,3,1,11,6.50000,7,1,164,30,27,8,6,13,43,51,-8,5),(196,7,84,2,3,10,6.55000,7,0,248,39,29,10,9,10,56,41,15,6),(197,7,85,1,1,6,2.91667,12,2,1004,109,60,31,16,13,122,82,40,6),(198,7,86,3,1,11,6.66667,8,1,164,34,30,9,7,14,48,55,-7,6),(199,7,128,4,15,15,15.00000,1,0,0,2,3,0,2,1,5,7,-2,6),(200,7,84,2,3,10,6.50000,8,0,304,48,34,13,9,12,70,50,20,7),(201,7,85,1,1,12,3.54762,13,2,1024,118,64,34,16,14,130,85,45,7),(202,7,86,3,1,11,6.26190,10,1,228,51,40,14,9,17,66,68,-2,7),(203,7,128,4,11,15,13.00000,2,0,24,9,7,2,3,2,13,12,1,7),(204,7,151,5,21,21,21.00000,1,0,0,1,3,0,1,2,4,8,-4,7),(205,14,49,4,10,10,10.00000,1,0,0,1,3,0,1,2,4,6,-2,1),(206,14,52,5,11,11,11.00000,1,0,0,1,3,0,1,2,3,5,-2,1),(207,14,53,1,2,2,2.00000,1,0,129,15,6,5,0,1,11,7,4,1),(208,14,56,6,12,12,12.00000,1,0,0,1,3,0,1,2,4,8,-4,1),(209,14,65,3,4,4,4.00000,1,0,96,12,6,4,0,2,14,8,6,1),(210,14,93,2,3,3,3.00000,1,0,111,13,6,4,1,1,16,9,7,1),(211,14,49,5,8,10,9.00000,2,0,57,6,7,1,3,3,11,13,-2,2),(212,14,52,6,9,11,10.00000,2,0,0,5,6,1,2,3,7,11,-4,2),(213,14,53,1,2,2,2.00000,2,0,258,24,12,7,3,2,21,15,6,2),(214,14,56,4,7,12,9.50000,2,0,66,10,7,3,1,3,13,14,-1,2),(215,14,65,3,4,4,4.00000,2,0,192,20,12,6,2,4,23,17,6,2),(216,14,93,2,3,3,3.00000,2,0,222,22,12,6,4,2,25,17,8,2),(217,14,49,4,3,10,7.00000,3,0,168,19,13,5,4,4,23,20,3,3),(218,14,52,6,9,11,9.66667,3,0,0,8,9,1,5,3,10,14,-4,3),(219,14,53,1,2,6,3.33333,3,0,333,29,16,8,5,3,26,20,6,3),(220,14,56,5,7,12,10.33333,3,0,66,10,10,3,1,6,18,24,-6,3),(221,14,65,2,2,4,3.33333,3,0,321,32,18,10,2,6,34,23,11,3),(222,14,93,3,3,5,3.66667,3,0,306,26,16,7,5,4,30,22,8,3),(223,14,49,4,3,10,6.25000,4,0,264,29,19,8,5,6,31,28,3,4),(224,14,52,5,2,11,7.75000,4,0,129,16,15,3,7,5,21,24,-3,4),(225,14,53,2,2,12,5.50000,4,0,333,29,19,8,5,6,28,28,0,4),(226,14,56,6,7,12,10.50000,4,0,66,10,13,3,1,9,20,31,-11,4),(227,14,65,1,2,7,4.25000,4,0,387,39,22,12,3,7,41,30,11,4),(228,14,93,3,3,9,5.00000,4,0,306,30,19,8,6,5,33,25,8,4),(229,14,49,4,3,11,7.20000,5,0,264,35,22,10,5,7,38,34,4,5),(230,14,52,5,2,12,8.60000,5,0,129,20,18,4,8,6,22,25,-3,5),(231,14,53,1,2,12,4.80000,5,0,462,40,25,11,7,7,39,37,2,5),(232,14,56,7,7,13,11.00000,5,0,66,13,16,4,1,11,26,36,-10,5),(233,14,65,2,2,10,5.40000,5,0,387,42,25,13,3,9,46,35,11,5),(234,14,93,3,3,9,5.80000,5,0,306,34,22,9,7,6,37,28,9,5),(235,14,140,6,6,6,6.00000,1,0,75,6,4,2,0,2,7,5,2,5),(236,14,49,3,3,11,6.50000,6,0,375,47,28,14,5,9,51,42,9,6),(237,14,52,5,2,12,8.66667,6,0,129,24,21,5,9,7,25,28,-3,6),(238,14,53,1,2,12,4.66667,6,0,558,51,31,14,9,8,54,47,7,6),(239,14,56,7,7,13,11.00000,6,0,66,16,19,5,1,13,31,40,-9,6),(240,14,65,2,2,14,6.83333,6,0,387,44,28,13,5,10,49,39,10,6),(241,14,93,4,3,10,6.50000,6,0,306,38,25,10,8,7,42,34,8,6),(242,14,140,6,6,17,11.50000,2,0,75,7,7,2,1,4,9,11,-2,6),(243,5,39,1,1,3,2.00000,2,1,211,22,11,7,1,3,17,9,8,1),(244,5,40,3,7,7,7.00000,1,0,44,5,4,1,2,1,7,8,-1,1),(245,5,44,2,6,6,6.00000,1,0,50,6,4,2,0,2,3,4,-1,1),(246,5,47,4,12,12,12.00000,1,0,0,0,3,0,0,3,2,8,-6,1),(247,5,37,6,8,8,8.00000,1,0,38,3,4,0,3,1,4,5,-1,2),(248,5,39,1,1,4,2.75000,3,1,275,30,17,9,3,5,27,19,8,2),(249,5,40,5,7,7,7.00000,1,0,44,5,4,1,2,1,7,8,-1,2),(250,5,44,4,6,6,6.00000,1,0,50,6,4,2,0,2,3,4,-1,2),(251,5,45,2,2,3,2.50000,2,0,197,18,11,5,3,3,15,13,2,2),(252,5,47,3,5,12,8.50000,2,0,56,5,7,1,2,4,7,14,-7,2),(253,5,37,6,8,8,8.00000,1,0,38,3,4,0,3,1,4,5,-1,3),(254,5,39,1,1,7,3.50000,4,1,319,36,21,11,3,7,36,26,10,3),(255,5,40,5,7,7,7.00000,1,0,44,5,4,1,2,1,7,8,-1,3),(256,5,41,7,11,11,11.00000,1,0,0,1,3,0,1,2,4,7,-3,3),(257,5,44,4,6,6,6.00000,1,0,50,6,4,2,0,2,3,4,-1,3),(258,5,45,2,2,8,4.00000,4,0,271,28,20,8,4,8,25,27,-2,3),(259,5,47,3,5,12,8.50000,2,0,56,5,7,1,2,4,7,14,-7,3),(260,5,91,8,12,12,12.00000,1,0,0,1,3,0,1,2,2,7,-5,3),(261,5,37,8,8,8,8.00000,1,0,38,3,4,0,3,1,4,5,-1,4),(262,5,39,1,1,7,3.50000,4,1,319,36,21,11,3,7,36,26,10,4),(263,5,40,7,7,7,7.00000,1,0,44,5,4,1,2,1,7,8,-1,4),(264,5,41,10,11,11,11.00000,1,0,0,1,3,0,1,2,4,7,-3,4),(265,5,42,6,7,7,7.00000,1,0,44,5,4,1,2,1,2,1,1,4),(266,5,44,5,6,6,6.00000,1,0,50,6,4,2,0,2,3,4,-1,4),(267,5,45,3,2,8,4.00000,4,0,271,28,20,8,4,8,25,27,-2,4),(268,5,46,9,10,10,10.00000,1,0,0,2,3,0,2,1,1,2,-1,4),(269,5,47,2,1,12,3.66667,4,1,292,24,18,6,6,6,30,29,1,4),(270,5,73,4,5,5,5.00000,1,0,56,4,4,1,1,2,4,6,-2,4),(271,5,91,11,12,12,12.00000,1,0,0,1,3,0,1,2,2,7,-5,4),(272,5,36,9,8,8,8.00000,1,0,38,7,4,2,1,1,12,13,-1,5),(273,5,37,10,8,8,8.00000,1,0,38,3,4,0,3,1,4,5,-1,5),(274,5,38,4,4,4,4.00000,1,0,64,9,6,3,0,3,14,17,-3,5),(275,5,39,2,1,7,3.50000,4,1,319,36,21,11,3,7,36,26,10,5),(276,5,40,8,7,7,7.00000,1,0,44,5,4,1,2,1,7,8,-1,5),(277,5,41,12,11,11,11.00000,1,0,0,1,3,0,1,2,4,7,-3,5),(278,5,42,7,7,7,7.00000,1,0,44,5,4,1,2,1,2,1,1,5),(279,5,44,6,6,6,6.00000,1,0,50,6,4,2,0,2,3,4,-1,5),(280,5,45,3,2,15,6.08333,5,0,271,29,23,8,5,10,30,36,-6,5),(281,5,46,11,10,10,10.00000,1,0,0,2,3,0,2,1,1,2,-1,5),(282,5,47,1,1,12,4.41667,5,1,388,33,23,9,6,8,40,39,1,5),(283,5,73,5,5,5,5.00000,1,0,56,4,4,1,1,2,4,6,-2,5),(284,5,91,13,12,12,12.00000,1,0,0,1,3,0,1,2,2,7,-5,5),(285,5,92,14,13,13,13.00000,1,0,0,3,3,1,0,2,8,10,-2,5),(286,5,36,11,8,8,8.00000,1,0,38,7,4,2,1,1,12,13,-1,6),(287,5,37,4,2,8,3.50000,3,0,253,27,15,8,3,4,36,25,11,6),(288,5,38,5,4,4,4.00000,1,0,64,9,6,3,0,3,14,17,-3,6),(289,5,39,2,1,7,3.50000,4,1,319,36,21,11,3,7,36,26,10,6),(290,5,40,10,7,7,7.00000,1,0,44,5,4,1,2,1,7,8,-1,6),(291,5,41,13,11,11,11.00000,1,0,0,1,3,0,1,2,4,7,-3,6),(292,5,42,9,7,7,7.00000,1,0,44,5,4,1,2,1,2,1,1,6),(293,5,44,8,6,6,6.00000,1,0,50,6,4,2,0,2,3,4,-1,6),(294,5,45,3,2,15,6.08333,5,0,271,29,23,8,5,10,30,36,-6,6),(295,5,46,12,10,10,10.00000,1,0,0,2,3,0,2,1,1,2,-1,6),(296,5,47,1,1,12,5.00000,6,1,388,37,26,10,7,9,46,43,3,6),(297,5,73,7,5,5,5.00000,1,0,56,4,4,1,1,2,4,6,-2,6),(298,5,91,14,12,12,12.00000,1,0,0,1,3,0,1,2,2,7,-5,6),(299,5,92,15,13,13,13.00000,1,0,0,3,3,1,0,2,8,10,-2,6),(300,5,113,6,4,4,4.00000,1,0,64,7,6,2,1,3,10,8,2,6),(301,5,126,16,16,16,16.00000,1,0,0,4,3,1,1,1,2,2,0,6),(302,5,36,12,8,8,8.00000,1,0,38,7,4,2,1,1,12,13,-1,7),(303,5,37,4,2,8,3.50000,3,0,253,27,15,8,3,4,36,25,11,7),(304,5,38,6,4,4,4.00000,1,0,64,9,6,3,0,3,14,17,-3,7),(305,5,39,2,1,7,3.50000,4,1,319,36,21,11,3,7,36,26,10,7),(306,5,40,5,7,8,7.50000,2,0,82,17,9,5,2,2,15,12,3,7),(307,5,41,17,11,11,11.00000,1,0,0,1,3,0,1,2,4,7,-3,7),(308,5,42,11,7,7,7.00000,1,0,44,5,4,1,2,1,2,1,1,7),(309,5,44,9,6,6,6.00000,1,0,50,6,4,2,0,2,3,4,-1,7),(310,5,45,3,2,15,6.08333,5,0,271,29,23,8,5,10,30,36,-6,7),(311,5,46,16,10,10,10.00000,1,0,0,2,3,0,2,1,1,2,-1,7),(312,5,47,1,1,12,5.00000,6,1,388,37,26,10,7,9,46,43,3,7),(313,5,73,8,5,5,5.00000,1,0,56,4,4,1,1,2,4,6,-2,7),(314,5,91,18,12,12,12.00000,1,0,0,1,3,0,1,2,2,7,-5,7),(315,5,92,14,13,15,14.00000,2,0,8,9,7,3,0,4,17,21,-4,7),(316,5,110,10,6,6,6.00000,1,0,50,6,5,2,0,3,7,10,-3,7),(317,5,113,7,4,4,4.00000,1,0,64,7,6,2,1,3,10,8,2,7),(318,5,125,19,22,22,22.00000,1,0,0,1,3,0,1,2,2,8,-6,7),(319,5,126,15,16,20,18.00000,2,0,0,7,6,2,1,3,5,12,-7,7),(320,5,127,13,14,14,14.00000,1,0,12,6,4,2,0,2,7,5,2,7),(321,1,36,7,7,7,7.00000,1,0,22,7,4,2,1,1,9,5,4,1),(322,1,37,5,5,5,5.00000,1,0,28,5,4,1,2,1,4,4,0,1),(323,1,38,11,11,11,11.00000,1,0,0,4,3,1,1,1,3,3,0,1),(324,1,39,1,1,3,1.66667,3,2,261,37,17,12,1,4,31,18,13,1),(325,1,40,2,2,7,4.50000,2,0,87,17,10,5,2,3,19,16,3,1),(326,1,41,14,14,14,14.00000,1,0,0,0,3,0,0,3,3,7,-4,1),(327,1,42,6,6,6,6.00000,1,0,25,7,4,2,1,1,9,7,2,1),(328,1,43,10,10,10,10.00000,1,0,0,4,3,1,1,1,4,3,1,1),(329,1,44,3,4,6,5.00000,2,0,82,15,10,5,0,5,11,16,-5,1),(330,1,45,15,15,15,15.00000,1,0,0,0,3,0,0,3,4,9,-5,1),(331,1,46,13,13,13,13.00000,1,0,0,1,3,0,1,2,2,7,-5,1),(332,1,47,4,3,12,7.50000,2,0,37,13,9,4,1,4,19,16,3,1),(333,1,73,9,9,9,9.00000,1,0,0,6,3,2,0,1,5,4,1,1),(334,1,74,12,12,12,12.00000,1,0,0,3,3,1,0,2,4,5,-1,1),(335,1,91,16,16,16,16.00000,1,0,0,0,3,0,0,3,4,11,-7,1),(336,1,92,8,8,8,8.00000,1,0,19,6,4,2,0,2,6,6,0,1),(337,1,36,9,7,9,8.00000,2,0,22,11,7,3,2,2,11,6,5,2),(338,1,37,6,4,8,6.25000,3,0,98,15,14,2,9,3,14,16,-2,2),(339,1,38,13,11,15,13.00000,2,0,0,4,6,1,1,4,6,12,-6,2),(340,1,39,1,1,4,2.33333,5,2,368,56,29,17,5,7,53,39,14,2),(341,1,40,5,2,8,6.00000,3,0,106,24,14,7,3,4,24,21,3,2),(342,1,41,14,12,14,13.00000,2,0,0,2,6,0,2,4,5,11,-6,2),(343,1,42,8,6,13,9.50000,2,0,25,9,7,2,3,2,12,11,1,2),(344,1,43,12,10,11,10.50000,2,0,0,6,6,1,3,2,8,8,0,2),(345,1,44,4,4,6,5.25000,3,0,110,20,14,6,2,6,16,20,-4,2),(346,1,45,2,2,15,4.66667,4,0,234,29,20,8,5,7,33,30,3,2),(347,1,46,15,13,16,14.50000,2,0,0,1,6,0,1,5,3,16,-13,2),(348,1,47,3,1,12,5.25000,4,1,143,32,19,9,5,5,40,30,10,2),(349,1,73,11,9,10,9.50000,2,0,0,9,6,3,0,3,7,7,0,2),(350,1,74,10,7,12,9.50000,2,0,22,12,7,4,0,3,11,9,2,2),(351,1,91,16,14,16,15.00000,2,0,0,1,6,0,1,5,5,15,-10,2),(352,1,92,7,6,8,7.00000,2,0,44,13,8,4,1,3,13,10,3,2),(353,1,36,12,7,12,9.33333,3,0,22,14,10,3,5,2,17,12,5,3),(354,1,37,6,4,11,7.33333,4,0,98,18,17,3,9,5,19,22,-3,3),(355,1,38,10,5,15,10.33333,3,0,28,9,10,2,3,5,12,18,-6,3),(356,1,39,1,1,7,3.00000,7,2,449,72,39,22,6,11,72,53,19,3),(357,1,40,5,2,9,6.66667,4,0,106,28,17,8,4,5,29,25,4,3),(358,1,41,8,1,14,10.00000,4,1,50,17,15,4,5,6,22,23,-1,3),(359,1,42,11,6,14,11.00000,3,0,25,11,10,2,5,3,16,18,-2,3),(360,1,43,15,10,16,12.33333,3,0,0,7,9,1,4,4,11,14,-3,3),(361,1,44,4,4,8,5.83333,4,0,129,27,18,8,3,7,23,27,-4,3),(362,1,45,2,2,15,5.11111,7,0,340,46,35,13,7,15,55,56,-1,3),(363,1,46,16,13,16,14.00000,3,0,0,3,9,0,3,6,6,20,-14,3),(364,1,47,3,1,12,5.91667,5,1,168,37,23,10,7,6,44,34,10,3),(365,1,73,14,9,10,9.66667,3,0,0,13,9,4,1,4,12,14,-2,3),(366,1,74,13,7,15,11.33333,3,0,22,13,10,4,1,5,15,15,0,3),(367,1,91,9,2,16,11.33333,4,0,43,14,15,4,2,9,19,32,-13,3),(368,1,92,7,6,8,7.00000,3,0,66,18,12,5,3,4,17,16,1,3),(369,1,36,12,6,12,8.50000,4,0,47,21,14,5,6,3,27,17,10,4),(370,1,37,8,4,13,8.12500,5,0,98,21,20,4,9,7,22,27,-5,4),(371,1,38,14,5,16,11.75000,4,0,28,10,13,2,4,7,13,23,-10,4),(372,1,39,1,1,8,3.50000,8,2,468,77,43,23,8,12,80,63,17,4),(373,1,40,6,2,14,7.62500,5,0,106,30,20,8,6,6,34,33,1,4),(374,1,41,11,1,15,10.75000,5,1,50,18,18,4,6,8,26,30,-4,4),(375,1,42,7,4,14,8.12500,5,0,101,23,20,5,8,7,27,28,-1,4),(376,1,43,16,10,16,12.33333,3,0,0,7,9,1,4,4,11,14,-3,4),(377,1,44,4,4,11,6.50000,5,0,129,30,21,9,3,9,28,33,-5,4),(378,1,45,3,2,15,5.33333,8,0,340,50,38,14,8,16,59,61,-2,4),(379,1,46,13,2,16,10.50000,5,0,43,15,18,3,6,9,15,28,-13,4),(380,1,47,2,1,12,3.52778,8,2,441,67,40,18,13,9,76,58,18,4),(381,1,73,5,1,10,6.25000,5,1,106,29,19,8,5,6,24,23,1,4),(382,1,74,15,7,15,11.50000,4,0,22,15,13,4,3,6,20,21,-1,4),(383,1,91,10,2,16,10.87500,5,0,65,20,19,6,2,11,26,37,-11,4),(384,1,92,9,5,8,6.50000,4,0,94,27,16,8,3,5,26,22,4,4),(385,1,110,17,9,9,9.00000,1,0,0,4,3,1,1,1,4,4,0,4),(386,1,36,6,2,12,7.60000,6,0,128,40,24,11,7,6,57,44,13,5),(387,1,37,7,4,13,7.80000,6,0,126,27,24,6,9,9,35,39,-4,5),(388,1,38,8,4,16,7.10000,6,0,124,29,25,8,5,12,43,50,-7,5),(389,1,39,2,1,18,4.46667,9,2,468,78,46,23,9,14,84,73,11,5),(390,1,40,10,2,16,8.40000,6,0,106,33,23,9,6,8,38,39,-1,5),(391,1,41,12,1,15,10.40000,6,1,72,25,22,6,7,9,37,38,-1,5),(392,1,42,11,4,14,8.50000,6,0,101,26,23,6,8,9,31,32,-1,5),(393,1,43,16,10,16,12.75000,4,0,0,10,12,2,4,6,14,18,-4,5),(394,1,44,4,4,11,6.60000,6,0,148,37,25,11,4,10,35,38,-3,5),(395,1,45,3,2,15,6.38889,10,0,377,61,47,17,10,20,74,80,-6,5),(396,1,46,14,2,20,11.40000,6,0,43,15,21,3,6,12,17,37,-20,5),(397,1,47,1,1,12,4.21111,10,2,562,82,49,23,13,13,97,78,19,5),(398,1,73,9,1,12,6.70000,6,1,106,33,22,9,6,7,30,29,1,5),(399,1,74,15,7,15,11.20000,5,0,22,19,16,5,4,7,25,26,-1,5),(400,1,91,13,2,19,11.80000,6,0,65,20,22,6,2,14,29,46,-17,5),(401,1,92,5,1,13,9.20000,6,1,144,48,25,15,3,7,49,38,11,5),(402,1,110,17,9,17,13.00000,2,0,0,5,6,1,2,3,6,9,-3,5),(403,1,113,20,15,15,15.00000,1,0,0,3,3,1,0,2,4,8,-4,5),(404,1,114,18,9,9,9.00000,1,0,0,6,3,2,0,1,4,3,1,5),(405,1,115,19,11,11,11.00000,1,0,0,6,3,2,0,1,9,7,2,5),(406,1,36,8,2,13,8.08333,7,0,136,50,28,14,8,6,68,47,21,6),(407,1,37,4,1,13,4.50000,9,1,391,68,42,19,11,12,85,70,15,6),(408,1,38,6,4,16,6.83333,7,0,146,37,30,10,7,13,59,57,2,6),(409,1,39,2,1,19,5.16667,10,2,468,81,49,24,9,16,87,78,9,6),(410,1,40,9,2,16,8.33333,7,0,122,41,27,11,8,8,49,46,3,6),(411,1,41,14,1,23,11.50000,7,1,72,26,25,6,8,11,41,48,-7,6),(412,1,42,10,4,14,8.33333,7,0,120,32,28,7,11,10,42,43,-1,6),(413,1,43,20,10,16,12.60000,5,0,10,14,16,3,5,8,21,27,-6,6),(414,1,44,5,4,15,7.25000,7,0,152,40,29,12,4,13,42,47,-5,6),(415,1,45,3,2,15,6.27778,11,0,405,69,52,19,12,21,85,86,-1,6),(416,1,46,15,2,20,11.83333,7,0,43,16,24,3,7,14,19,41,-22,6),(417,1,47,1,1,12,4.55556,12,2,599,100,59,28,16,15,121,93,28,6),(418,1,73,11,1,20,7.66667,7,1,106,35,25,9,8,8,33,35,-2,6),(419,1,74,17,7,15,11.66667,6,0,28,25,20,7,4,9,35,33,2,6),(420,1,91,13,2,19,11.66667,7,0,79,28,26,8,4,14,37,51,-14,6),(421,1,92,7,1,17,10.16667,7,1,144,51,28,15,6,7,54,43,11,6),(422,1,110,18,6,17,10.66667,3,0,25,10,11,2,4,5,17,18,-1,6),(423,1,113,12,4,15,6.75000,3,0,96,16,16,4,4,8,20,30,-10,6),(424,1,114,22,9,22,15.50000,2,0,0,7,6,2,1,3,6,8,-2,6),(425,1,115,23,11,21,16.00000,2,0,0,8,6,2,2,2,13,16,-3,6),(426,1,124,19,11,11,11.00000,1,0,12,7,4,2,1,1,7,7,0,6),(427,1,125,24,24,24,24.00000,1,0,0,0,3,0,0,3,0,12,-12,6),(428,1,126,16,2,16,9.00000,2,0,43,14,10,3,5,2,15,13,2,6),(429,1,127,21,16,16,16.00000,1,0,2,4,4,1,1,2,4,9,-5,6),(430,1,36,9,2,17,8.71429,8,0,136,53,31,15,8,8,71,54,17,7),(431,1,37,4,1,20,5.14286,10,1,391,70,45,19,13,13,88,74,14,7),(432,1,38,8,4,16,7.21429,8,0,150,44,34,12,8,14,70,63,7,7),(433,1,39,2,1,19,5.14286,11,2,487,88,54,26,10,18,92,87,5,7),(434,1,40,6,2,16,8.32143,9,0,185,60,37,16,12,9,64,55,9,7),(435,1,41,16,1,23,11.92857,8,1,72,28,28,6,10,12,41,49,-8,7),(436,1,42,10,4,24,9.35714,8,0,120,32,31,7,11,13,42,50,-8,7),(437,1,43,21,9,16,12.00000,6,0,26,20,20,4,8,8,24,29,-5,7),(438,1,44,7,4,15,7.57143,8,0,160,47,33,14,5,14,51,53,-2,7),(439,1,45,3,2,15,6.53175,12,0,415,78,56,22,12,22,91,88,3,7),(440,1,46,17,2,22,12.42857,8,0,43,17,27,3,8,16,22,49,-27,7),(441,1,47,1,1,12,4.85714,13,2,613,105,63,29,18,16,131,101,30,7),(442,1,73,12,1,21,8.42857,8,1,106,36,28,9,9,10,38,42,-4,7),(443,1,74,20,7,23,13.28571,7,0,28,26,23,7,5,11,36,40,-4,7),(444,1,91,14,2,19,11.85714,8,0,85,32,30,9,5,16,41,55,-14,7),(445,1,92,5,1,17,10.21429,9,2,202,70,39,21,7,11,77,66,11,7),(446,1,110,11,2,17,7.25000,5,0,118,28,23,7,7,9,36,36,0,7),(447,1,113,13,4,16,7.83333,4,0,98,23,20,6,5,9,25,35,-10,7),(448,1,114,24,9,22,16.66667,3,0,0,9,9,2,3,4,9,12,-3,7),(449,1,115,23,7,21,13.00000,3,0,22,15,11,4,3,4,21,28,-7,7),(450,1,124,22,11,11,11.00000,2,0,24,11,8,3,2,3,12,11,1,7),(451,1,125,19,4,24,18.00000,3,0,32,10,13,2,4,7,16,32,-16,7),(452,1,126,15,2,20,10.25000,4,0,80,31,20,8,7,5,34,35,-1,7),(453,1,127,18,5,16,12.25000,3,0,42,18,13,5,3,5,24,22,2,7),(454,9,89,1,10,10,10.00000,1,0,0,1,3,0,1,2,1,4,-3,1),(455,9,89,1,6,10,8.00000,2,0,50,6,7,1,3,3,5,7,-2,2),(456,9,89,1,6,10,8.33333,3,0,50,8,10,1,5,4,8,11,-3,3),(457,9,89,1,6,12,9.25000,4,0,50,9,13,1,6,6,9,15,-6,4),(458,9,89,1,6,12,9.80000,5,0,50,12,16,2,6,8,14,23,-9,5),(459,9,118,2,14,14,14.00000,1,0,0,3,3,1,0,2,4,6,-2,5),(460,9,89,2,6,12,10.16667,6,0,50,16,19,3,7,9,16,25,-9,6),(461,9,118,1,3,14,6.25000,3,0,170,19,14,6,1,7,23,27,-4,6),(462,9,129,3,8,8,8.00000,1,0,38,6,4,2,0,2,4,8,-4,6),(463,9,89,2,6,23,12.00000,7,0,50,16,22,3,7,12,21,34,-13,7),(464,9,118,1,2,14,5.91667,5,0,256,33,24,10,3,11,37,43,-6,7),(465,9,129,3,8,17,12.50000,2,0,38,9,7,3,0,4,7,16,-9,7),(466,11,63,1,5,5,5.00000,1,0,56,5,4,1,2,1,4,5,-1,1),(467,11,71,2,11,11,11.00000,1,0,0,0,3,0,0,3,0,4,-4,1),(468,11,63,1,5,7,6.00000,2,0,100,11,8,3,2,3,14,10,4,2),(469,11,71,2,9,11,10.00000,2,0,0,3,6,1,0,5,3,10,-7,2),(470,11,63,1,5,11,7.66667,3,0,100,13,11,3,4,4,18,18,0,3),(471,11,71,2,9,12,10.66667,3,0,0,3,9,1,0,8,4,17,-13,3),(472,11,63,1,3,11,5.75000,5,0,174,25,20,6,7,7,30,31,-1,4),(473,11,71,2,9,12,10.66667,3,0,0,3,9,1,0,8,4,17,-13,4),(474,11,63,1,1,11,4.70000,7,1,385,48,31,13,9,9,57,47,10,5),(475,11,71,2,9,15,11.75000,4,0,0,3,12,1,0,11,7,23,-16,5),(476,11,120,3,14,14,14.00000,1,0,0,1,3,0,1,2,2,6,-4,5),(477,11,63,1,1,16,5.58333,8,1,389,55,35,15,10,10,66,57,9,6),(478,11,71,2,8,15,11.00000,5,0,38,10,17,3,1,13,18,31,-13,6),(479,11,120,3,14,17,15.50000,2,0,0,4,6,1,1,4,4,11,-7,6),(480,11,63,1,1,16,6.21429,9,1,393,57,38,15,12,11,70,62,8,7),(481,11,71,2,8,22,12.83333,6,0,38,12,20,3,3,14,20,36,-16,7),(482,11,120,3,9,17,13.33333,3,0,32,11,10,3,2,5,11,18,-7,7),(483,15,50,1,1,1,1.00000,1,1,150,13,6,4,1,1,13,9,4,1),(484,15,51,2,5,5,5.00000,1,0,84,3,4,0,3,1,7,8,-1,1),(485,15,68,5,8,8,8.00000,1,0,57,4,4,1,1,2,2,7,-5,1),(486,15,94,6,9,9,9.00000,1,0,0,1,3,0,1,2,4,7,-3,1),(487,15,95,4,7,7,7.00000,1,0,66,2,4,0,2,2,2,5,-3,1),(488,15,96,3,6,6,6.00000,1,0,75,6,4,2,0,2,7,8,-1,1),(489,15,50,1,1,1,1.00000,2,2,300,24,12,7,3,2,24,17,7,2),(490,15,51,3,5,11,8.00000,2,0,84,4,7,0,4,3,10,15,-5,2),(491,15,68,2,5,8,6.50000,2,0,141,11,8,3,2,3,10,12,-2,2),(492,15,94,4,6,9,7.50000,2,0,75,5,7,1,2,4,11,14,-3,2),(493,15,95,6,7,10,8.50000,2,0,66,5,7,1,2,4,5,10,-5,2),(494,15,96,5,6,12,9.00000,2,0,75,6,7,2,0,5,12,17,-5,2),(495,15,50,1,1,4,2.00000,3,2,396,33,18,10,3,5,36,29,7,3),(496,15,51,2,1,11,5.66667,3,1,234,18,13,4,6,3,21,22,-1,3),(497,15,68,3,5,11,8.00000,3,0,141,12,11,3,3,5,13,18,-5,3),(498,15,94,5,6,9,7.66667,3,0,132,11,11,3,2,6,17,21,-4,3),(499,15,95,6,7,10,9.00000,3,0,66,7,10,1,4,5,8,15,-7,3),(500,15,96,4,6,12,8.33333,3,0,141,9,11,3,0,8,15,23,-8,3),(501,15,50,1,1,4,1.75000,4,3,546,45,24,13,6,5,50,37,13,4),(502,15,51,2,1,11,5.50000,4,1,318,23,17,5,8,4,29,28,1,4),(503,15,68,4,5,11,7.50000,4,0,216,18,15,5,3,7,16,24,-8,4),(504,15,94,5,6,9,7.75000,4,0,189,18,15,5,3,7,25,26,-1,4),(505,15,95,6,7,10,9.25000,4,0,66,8,13,1,5,7,9,20,-11,4),(506,15,96,3,3,12,7.00000,4,0,252,20,17,6,2,9,26,28,-2,4),(507,15,50,1,1,4,2.00000,5,3,657,57,30,16,9,5,59,41,18,5),(508,15,51,2,1,20,8.40000,5,1,318,23,20,5,8,7,33,40,-7,5),(509,15,68,3,5,11,7.00000,5,0,300,24,19,6,6,7,19,26,-7,5),(510,15,94,5,6,9,7.80000,5,0,246,24,19,7,3,9,33,31,2,5),(511,15,95,7,7,18,11.00000,5,0,66,10,16,1,7,8,11,24,-13,5),(512,15,96,4,3,14,8.40000,5,0,252,23,20,7,2,11,30,33,-3,5),(513,15,141,10,19,19,19.00000,1,0,0,1,3,0,1,2,3,9,-6,5),(514,15,142,6,1,1,1.00000,1,1,150,16,6,5,1,0,13,5,8,5),(515,15,144,8,15,15,15.00000,1,0,0,3,3,1,0,2,4,7,-3,5),(516,15,145,9,17,17,17.00000,1,0,0,3,3,1,0,2,1,5,-4,5),(517,15,50,1,1,4,1.83333,6,4,807,71,36,20,11,5,72,46,26,6),(518,15,51,2,1,20,8.00000,6,1,393,30,24,7,9,8,43,47,-4,6),(519,15,68,3,5,11,7.00000,6,0,366,31,23,8,7,8,25,30,-5,6),(520,15,94,4,5,9,7.33333,6,0,330,29,23,8,5,10,42,38,4,6),(521,15,95,7,7,18,12.16667,6,0,66,11,19,1,8,10,15,33,-18,6),(522,15,96,5,3,14,8.33333,6,0,309,28,24,8,4,12,37,40,-3,6),(523,15,141,9,13,19,16.00000,2,0,0,4,6,0,4,2,9,15,-6,6),(524,15,142,6,1,12,6.50000,2,1,150,19,9,6,1,2,17,13,4,6),(525,15,144,10,15,19,17.00000,2,0,0,4,6,1,1,4,8,17,-9,6),(526,15,145,8,15,17,16.00000,2,0,0,5,6,1,2,3,2,9,-7,6),(527,3,57,10,10,10,10.00000,1,0,0,1,3,0,1,2,3,6,-3,1),(528,3,58,4,3,8,5.50000,2,0,74,13,9,4,1,4,14,14,0,1),(529,3,60,7,7,7,7.00000,1,0,44,4,4,1,1,2,7,9,-2,1),(530,3,61,6,6,6,6.00000,1,0,50,6,4,2,0,2,4,3,1,1),(531,3,63,5,5,5,5.00000,1,0,56,5,4,1,2,1,4,5,-1,1),(532,3,64,12,12,12,12.00000,1,0,0,0,3,0,0,3,3,8,-5,1),(533,3,71,11,11,11,11.00000,1,0,0,0,3,0,0,3,0,4,-4,1),(534,3,79,3,2,6,4.00000,2,0,86,12,9,3,3,3,7,11,-4,1),(535,3,80,1,1,2,1.50000,2,1,229,27,11,8,3,0,25,6,19,1),(536,3,81,8,8,8,8.00000,1,0,38,6,4,2,0,2,6,8,-2,1),(537,3,82,9,9,9,9.00000,1,0,0,4,3,1,1,1,3,4,-1,1),(538,3,83,2,4,4,4.00000,2,0,160,15,11,4,3,4,19,20,-1,1),(539,3,57,10,8,10,9.00000,2,0,38,8,7,2,2,3,12,14,-2,2),(540,3,58,2,2,8,4.00000,4,0,277,31,20,9,4,7,33,29,4,2),(541,3,59,8,4,8,6.00000,2,0,64,10,9,2,4,3,9,10,-1,2),(542,3,60,3,2,7,4.25000,3,0,226,23,15,7,2,6,26,23,3,2),(543,3,61,9,6,10,8.00000,2,0,50,9,7,3,0,4,7,9,-2,2),(544,3,63,7,5,7,6.00000,2,0,100,11,8,3,2,3,14,10,4,2),(545,3,64,13,12,12,12.00000,1,0,0,0,3,0,0,3,3,8,-5,2),(546,3,71,12,9,11,10.00000,2,0,0,3,6,1,0,5,3,10,-7,2),(547,3,79,6,2,6,5.00000,3,0,136,15,13,4,3,6,12,18,-6,2),(548,3,80,1,1,5,2.50000,3,1,285,32,15,9,5,1,29,10,19,2),(549,3,81,5,1,8,4.75000,3,1,138,21,13,6,3,4,21,22,-1,2),(550,3,82,11,9,11,10.00000,2,0,0,7,6,2,1,3,7,13,-6,2),(551,3,83,4,4,12,6.00000,3,0,160,15,14,4,3,7,21,26,-5,2),(552,3,57,12,8,10,9.33333,3,0,38,11,10,3,2,5,16,18,-2,3),(553,3,58,4,2,8,4.50000,5,0,327,37,24,11,4,9,38,34,4,3),(554,3,59,7,2,8,5.25000,4,0,150,24,18,6,6,6,24,25,-1,3),(555,3,60,2,2,7,4.16667,5,0,386,40,26,12,4,10,42,43,-1,3),(556,3,61,5,3,10,4.66667,4,0,235,26,18,8,2,8,26,21,5,3),(557,3,63,9,5,11,7.66667,3,0,100,13,11,3,4,4,18,18,0,3),(558,3,64,10,5,12,8.50000,2,0,56,7,7,2,1,4,11,13,-2,3),(559,3,71,13,9,12,10.66667,3,0,0,3,9,1,0,8,4,17,-13,3),(560,3,79,1,1,6,3.25000,5,2,386,36,24,10,6,8,33,30,3,3),(561,3,80,3,1,7,3.16667,4,1,329,38,19,11,5,3,36,19,17,3),(562,3,81,8,1,9,5.50000,4,1,138,23,16,6,5,5,25,28,-3,3),(563,3,82,11,8,11,9.33333,3,0,38,16,10,5,1,4,16,20,-4,3),(564,3,83,6,4,12,6.00000,3,0,160,15,14,4,3,7,21,26,-5,3),(565,3,57,12,8,12,10.00000,4,0,38,11,13,3,2,8,19,24,-5,4),(566,3,58,4,2,8,4.75000,6,0,377,42,28,12,6,10,45,39,6,4),(567,3,59,8,2,8,6.08333,5,0,188,31,22,8,7,7,31,29,2,4),(568,3,60,3,2,10,4.87500,6,0,386,42,29,12,6,11,44,47,-3,4),(569,3,61,6,1,10,5.00000,6,1,335,42,27,13,3,11,42,34,8,4),(570,3,63,9,3,11,5.75000,5,0,174,25,20,6,7,7,30,31,-1,4),(571,3,64,10,5,12,8.66667,3,0,56,10,10,2,4,4,14,16,-2,4),(572,3,71,13,9,12,10.66667,3,0,0,3,9,1,0,8,4,17,-13,4),(573,3,79,1,1,6,3.91667,7,2,442,46,31,13,7,11,46,44,2,4),(574,3,80,2,1,7,3.12500,5,1,393,46,25,13,7,5,46,30,16,4),(575,3,81,5,1,9,4.50000,6,1,335,40,27,11,7,9,41,47,-6,4),(576,3,82,11,8,11,9.75000,4,0,38,17,13,5,2,6,17,25,-8,4),(577,3,83,7,4,12,5.83333,4,0,204,21,18,6,3,9,27,32,-5,4),(578,3,57,11,2,12,7.20000,6,0,124,25,22,7,4,11,37,37,0,5),(579,3,58,6,2,9,5.20000,7,0,377,48,31,14,6,11,53,46,7,5),(580,3,59,8,2,8,5.79167,7,0,262,46,31,13,7,11,48,49,-1,5),(581,3,60,3,2,10,5.30000,7,0,386,46,32,13,7,12,50,52,-2,5),(582,3,61,7,1,11,5.60000,7,1,335,45,30,14,3,13,45,38,7,5),(583,3,63,4,1,11,4.70000,7,1,385,48,31,13,9,9,57,47,10,5),(584,3,64,10,2,12,4.75000,5,0,249,27,21,7,6,8,32,34,-2,5),(585,3,71,14,9,15,11.75000,4,0,0,3,12,1,0,11,7,23,-16,5),(586,3,79,1,1,8,4.36667,8,2,480,53,35,15,8,12,55,53,2,5),(587,3,80,2,1,13,4.00000,6,1,393,47,28,13,8,7,50,38,12,5),(588,3,81,5,1,9,4.70000,7,1,379,46,31,13,7,11,50,55,-5,5),(589,3,82,13,8,12,10.20000,5,0,38,19,16,5,4,7,24,34,-10,5),(590,3,83,9,4,12,5.50000,5,0,260,28,22,8,4,10,33,38,-5,5),(591,3,119,12,6,6,6.00000,1,0,50,6,4,2,0,2,11,10,1,5),(592,3,120,15,14,14,14.00000,1,0,0,1,3,0,1,2,2,6,-4,5),(593,3,121,16,16,16,16.00000,1,0,0,0,3,0,0,3,3,9,-6,5),(594,3,57,12,2,12,7.33333,7,0,152,32,26,9,5,12,46,42,4,6),(595,3,58,3,2,9,5.16667,8,0,433,54,36,16,6,14,66,59,7,6),(596,3,59,8,2,8,6.06667,8,0,306,53,36,15,8,13,59,61,-2,6),(597,3,60,6,2,19,6.33333,8,0,386,49,35,14,7,14,57,62,-5,6),(598,3,61,7,1,22,6.91667,8,1,335,46,33,14,4,15,48,44,4,6),(599,3,63,5,1,16,5.58333,8,1,389,55,35,15,10,10,66,57,9,6),(600,3,64,11,2,18,5.80000,6,0,249,29,24,7,8,9,34,37,-3,6),(601,3,71,16,8,15,11.00000,5,0,38,10,17,3,1,13,18,31,-13,6),(602,3,79,1,1,8,4.45833,10,2,554,70,45,20,10,15,75,68,7,6),(603,3,80,4,1,23,5.41667,7,1,393,47,31,13,8,10,50,46,4,6),(604,3,81,2,1,9,4.41667,9,1,554,64,43,18,10,15,71,72,-1,6),(605,3,82,14,8,12,10.33333,6,0,62,23,20,6,5,9,32,40,-8,6),(606,3,83,10,4,20,6.80000,6,0,260,31,25,9,4,12,39,48,-9,6),(607,3,119,9,1,6,2.50000,3,1,286,35,16,11,2,3,37,24,13,6),(608,3,120,22,14,17,15.50000,2,0,0,4,6,1,1,4,4,11,-7,6),(609,3,121,23,16,24,20.00000,2,0,0,0,6,0,0,6,4,20,-16,6),(610,3,122,18,12,12,12.00000,1,0,20,6,4,2,0,2,10,7,3,6),(611,3,123,20,14,14,14.00000,1,0,12,9,4,3,0,1,8,4,4,6),(612,3,132,17,9,9,9.00000,1,0,32,7,4,2,1,1,10,7,3,6),(613,3,133,21,15,15,15.00000,1,0,8,7,4,2,1,1,5,3,2,6),(614,3,134,19,13,13,13.00000,1,0,16,5,4,1,2,1,5,6,-1,6),(615,3,135,13,1,8,4.50000,2,1,100,11,10,2,5,3,17,21,-4,6),(616,3,136,15,6,6,6.00000,1,0,50,10,5,3,1,1,11,8,3,6),(617,3,137,24,21,21,21.00000,1,0,0,2,3,0,2,1,2,3,-1,6),(618,3,57,13,2,12,7.57143,8,0,172,37,30,10,7,13,54,49,5,7),(619,3,58,5,2,18,6.07143,9,0,433,56,39,16,8,15,72,67,5,7),(620,3,59,8,2,8,5.75000,10,0,380,71,46,20,11,15,77,74,3,7),(621,3,60,4,2,19,6.00000,9,0,450,64,42,19,7,16,74,75,-1,7),(622,3,61,9,1,22,6.91667,8,1,335,46,33,14,4,15,48,44,4,7),(623,3,63,6,1,16,6.21429,9,1,393,57,38,15,12,11,70,62,8,7),(624,3,64,10,2,18,5.58333,7,0,293,35,29,8,11,10,45,48,-3,7),(625,3,71,19,8,22,12.83333,6,0,38,12,20,3,3,14,20,36,-16,7),(626,3,79,2,1,14,5.16071,11,2,566,76,49,22,10,17,81,73,8,7),(627,3,80,7,1,23,5.41667,7,1,393,47,31,13,8,10,50,46,4,7),(628,3,81,1,1,9,3.85714,11,2,790,88,55,25,13,17,91,81,10,7),(629,3,82,16,8,17,11.28571,7,0,62,26,23,6,8,9,38,46,-8,7),(630,3,83,12,4,20,6.80000,6,0,260,31,25,9,4,12,39,48,-9,7),(631,3,119,3,1,6,3.16667,5,1,453,52,26,16,4,6,49,34,15,7),(632,3,120,20,9,17,13.33333,3,0,32,11,10,3,2,5,11,18,-7,7),(633,3,121,25,16,24,20.00000,2,0,0,0,6,0,0,6,4,20,-16,7),(634,3,122,17,8,12,10.00000,2,0,58,8,7,2,2,3,12,10,2,7),(635,3,123,23,14,19,16.50000,2,0,12,12,7,4,0,3,10,7,3,7),(636,3,132,15,8,9,8.50000,2,0,70,15,9,4,3,2,20,12,8,7),(637,3,133,18,6,15,10.50000,2,0,58,14,9,4,2,3,10,8,2,7),(638,3,134,21,13,24,18.50000,2,0,16,5,7,1,2,4,6,11,-5,7),(639,3,135,14,1,15,8.00000,3,1,108,17,14,4,5,5,22,27,-5,7),(640,3,136,11,1,6,2.75000,3,1,279,30,17,8,6,3,22,17,5,7),(641,3,137,24,16,21,18.50000,2,0,4,6,7,1,3,3,4,10,-6,7),(642,3,147,26,23,23,23.00000,1,0,0,0,3,0,0,3,2,5,-3,7),(643,3,149,22,13,13,13.00000,1,0,16,3,4,1,0,3,4,10,-6,7),(644,8,79,1,2,6,4.00000,2,0,86,12,9,3,3,3,7,11,-4,1),(645,8,79,1,2,6,5.00000,3,0,136,15,13,4,3,6,12,18,-6,2),(646,8,79,1,1,6,3.25000,5,2,386,36,24,10,6,8,33,30,3,3),(647,8,79,1,1,6,3.91667,7,2,442,46,31,13,7,11,46,44,2,4),(648,8,79,1,1,8,4.36667,8,2,480,53,35,15,8,12,55,53,2,5),(649,8,119,2,6,6,6.00000,1,0,50,6,4,2,0,2,11,10,1,5),(650,8,79,1,1,8,4.45833,10,2,554,70,45,20,10,15,75,68,7,6),(651,8,119,2,1,6,2.50000,3,1,286,35,16,11,2,3,37,24,13,6),(652,8,132,3,9,9,9.00000,1,0,32,7,4,2,1,1,10,7,3,6),(653,8,79,1,1,14,5.16071,11,2,566,76,49,22,10,17,81,73,8,7),(654,8,119,2,1,6,3.16667,5,1,453,52,26,16,4,6,49,34,15,7),(655,8,132,3,8,9,8.50000,2,0,70,15,9,4,3,2,20,12,8,7),(656,6,57,3,10,10,10.00000,1,0,0,1,3,0,1,2,3,6,-3,1),(657,6,58,2,3,8,5.50000,2,0,74,13,9,4,1,4,14,14,0,1),(658,6,83,1,4,4,4.00000,2,0,160,15,11,4,3,4,19,20,-1,1),(659,6,57,4,8,10,9.00000,2,0,38,8,7,2,2,3,12,14,-2,2),(660,6,58,1,2,8,4.00000,4,0,277,31,20,9,4,7,33,29,4,2),(661,6,59,3,4,8,6.00000,2,0,64,10,9,2,4,3,9,10,-1,2),(662,6,83,2,4,12,6.00000,3,0,160,15,14,4,3,7,21,26,-5,2),(663,6,57,4,8,10,9.33333,3,0,38,11,10,3,2,5,16,18,-2,3),(664,6,58,1,2,8,4.50000,5,0,327,37,24,11,4,9,38,34,4,3),(665,6,59,3,2,8,5.25000,4,0,150,24,18,6,6,6,24,25,-1,3),(666,6,83,2,4,12,6.00000,3,0,160,15,14,4,3,7,21,26,-5,3),(667,6,57,4,8,12,10.00000,4,0,38,11,13,3,2,8,19,24,-5,4),(668,6,58,1,2,8,4.75000,6,0,377,42,28,12,6,10,45,39,6,4),(669,6,59,3,2,8,6.08333,5,0,188,31,22,8,7,7,31,29,2,4),(670,6,83,2,4,12,5.83333,4,0,204,21,18,6,3,9,27,32,-5,4),(671,6,57,4,2,12,7.20000,6,0,124,25,22,7,4,11,37,37,0,5),(672,6,58,1,2,9,5.20000,7,0,377,48,31,14,6,11,53,46,7,5),(673,6,59,2,2,8,5.79167,7,0,262,46,31,13,7,11,48,49,-1,5),(674,6,83,3,4,12,5.50000,5,0,260,28,22,8,4,10,33,38,-5,5),(675,6,57,4,2,12,7.33333,7,0,152,32,26,9,5,12,46,42,4,6),(676,6,58,1,2,9,5.16667,8,0,433,54,36,16,6,14,66,59,7,6),(677,6,59,2,2,8,6.06667,8,0,306,53,36,15,8,13,59,61,-2,6),(678,6,83,3,4,20,6.80000,6,0,260,31,25,9,4,12,39,48,-9,6),(679,6,123,7,14,14,14.00000,1,0,12,9,4,3,0,1,8,4,4,6),(680,6,135,5,1,8,4.50000,2,1,100,11,10,2,5,3,17,21,-4,6),(681,6,136,6,6,6,6.00000,1,0,50,10,5,3,1,1,11,8,3,6),(682,6,57,5,2,12,7.57143,8,0,172,37,30,10,7,13,54,49,5,7),(683,6,58,1,2,18,6.07143,9,0,433,56,39,16,8,15,72,67,5,7),(684,6,59,2,2,8,5.75000,10,0,380,71,46,20,11,15,77,74,3,7),(685,6,83,4,4,20,6.80000,6,0,260,31,25,9,4,12,39,48,-9,7),(686,6,123,7,14,19,16.50000,2,0,12,12,7,4,0,3,10,7,3,7),(687,6,135,6,1,15,8.00000,3,1,108,17,14,4,5,5,22,27,-5,7),(688,6,136,3,1,6,2.75000,3,1,279,30,17,8,6,3,22,17,5,7),(689,18,49,10,10,10,10.00000,1,0,0,1,3,0,1,2,4,6,-2,1),(690,18,50,1,1,1,1.00000,1,1,150,13,6,4,1,1,13,9,4,1),(691,18,51,5,5,5,5.00000,1,0,84,3,4,0,3,1,7,8,-1,1),(692,18,52,11,11,11,11.00000,1,0,0,1,3,0,1,2,3,5,-2,1),(693,18,53,2,2,2,2.00000,1,0,129,15,6,5,0,1,11,7,4,1),(694,18,56,12,12,12,12.00000,1,0,0,1,3,0,1,2,4,8,-4,1),(695,18,65,4,4,4,4.00000,1,0,96,12,6,4,0,2,14,8,6,1),(696,18,68,8,8,8,8.00000,1,0,57,4,4,1,1,2,2,7,-5,1),(697,18,93,3,3,3,3.00000,1,0,111,13,6,4,1,1,16,9,7,1),(698,18,94,9,9,9,9.00000,1,0,0,1,3,0,1,2,4,7,-3,1),(699,18,95,7,7,7,7.00000,1,0,66,2,4,0,2,2,2,5,-3,1),(700,18,96,6,6,6,6.00000,1,0,75,6,4,2,0,2,7,8,-1,1),(701,18,49,11,8,10,9.00000,2,0,57,6,7,1,3,3,11,13,-2,2),(702,18,50,1,1,1,1.00000,2,2,300,24,12,7,3,2,24,17,7,2),(703,18,51,6,5,11,8.00000,2,0,84,4,7,0,4,3,10,15,-5,2),(704,18,52,12,9,11,10.00000,2,0,0,5,6,1,2,3,7,11,-4,2),(705,18,53,2,2,2,2.00000,2,0,258,24,12,7,3,2,21,15,6,2),(706,18,56,10,7,12,9.50000,2,0,66,10,7,3,1,3,13,14,-1,2),(707,18,65,4,4,4,4.00000,2,0,192,20,12,6,2,4,23,17,6,2),(708,18,68,5,5,8,6.50000,2,0,141,11,8,3,2,3,10,12,-2,2),(709,18,93,3,3,3,3.00000,2,0,222,22,12,6,4,2,25,17,8,2),(710,18,94,7,6,9,7.50000,2,0,75,5,7,1,2,4,11,14,-3,2),(711,18,95,9,7,10,8.50000,2,0,66,5,7,1,2,4,5,10,-5,2),(712,18,96,8,6,12,9.00000,2,0,75,6,7,2,0,5,12,17,-5,2),(713,18,49,6,3,10,7.00000,3,0,168,19,13,5,4,4,23,20,3,3),(714,18,50,1,1,4,2.00000,3,2,396,33,18,10,3,5,36,29,7,3),(715,18,51,5,1,11,5.66667,3,1,234,18,13,4,6,3,21,22,-1,3),(716,18,52,12,9,11,9.66667,3,0,0,8,9,1,5,3,10,14,-4,3),(717,18,53,2,2,6,3.33333,3,0,333,29,16,8,5,3,26,20,6,3),(718,18,56,11,7,12,10.33333,3,0,66,10,10,3,1,6,18,24,-6,3),(719,18,65,3,2,4,3.33333,3,0,321,32,18,10,2,6,34,23,11,3),(720,18,68,7,5,11,8.00000,3,0,141,12,11,3,3,5,13,18,-5,3),(721,18,93,4,3,5,3.66667,3,0,306,26,16,7,5,4,30,22,8,3),(722,18,94,9,6,9,7.66667,3,0,132,11,11,3,2,6,17,21,-4,3),(723,18,95,10,7,10,9.00000,3,0,66,7,10,1,4,5,8,15,-7,3),(724,18,96,8,6,12,8.33333,3,0,141,9,11,3,0,8,15,23,-8,3),(725,18,49,6,3,10,6.25000,4,0,264,29,19,8,5,6,31,28,3,4),(726,18,50,1,1,4,1.75000,4,3,546,45,24,13,6,5,50,37,13,4),(727,18,51,4,1,11,5.50000,4,1,318,23,17,5,8,4,29,28,1,4),(728,18,52,10,2,11,7.75000,4,0,129,16,15,3,7,5,21,24,-3,4),(729,18,53,3,2,12,5.50000,4,0,333,29,19,8,5,6,28,28,0,4),(730,18,56,12,7,12,10.50000,4,0,66,10,13,3,1,9,20,31,-11,4),(731,18,65,2,2,7,4.25000,4,0,387,39,22,12,3,7,41,30,11,4),(732,18,68,8,5,11,7.50000,4,0,216,18,15,5,3,7,16,24,-8,4),(733,18,93,5,3,9,5.00000,4,0,306,30,19,8,6,5,33,25,8,4),(734,18,94,9,6,9,7.75000,4,0,189,18,15,5,3,7,25,26,-1,4),(735,18,95,11,7,10,9.25000,4,0,66,8,13,1,5,7,9,20,-11,4),(736,18,96,7,3,12,7.00000,4,0,252,20,17,6,2,9,26,28,-2,4),(737,18,49,7,3,11,7.20000,5,0,264,35,22,10,5,7,38,34,4,5),(738,18,50,1,1,4,2.00000,5,3,657,57,30,16,9,5,59,41,18,5),(739,18,51,4,1,20,8.40000,5,1,318,23,20,5,8,7,33,40,-7,5),(740,18,52,11,2,12,8.60000,5,0,129,20,18,4,8,6,22,25,-3,5),(741,18,53,2,2,12,4.80000,5,0,462,40,25,11,7,7,39,37,2,5),(742,18,56,14,7,13,11.00000,5,0,66,13,16,4,1,11,26,36,-10,5),(743,18,65,3,2,10,5.40000,5,0,387,42,25,13,3,9,46,35,11,5),(744,18,68,6,5,11,7.00000,5,0,300,24,19,6,6,7,19,26,-7,5),(745,18,93,5,3,9,5.80000,5,0,306,34,22,9,7,6,37,28,9,5),(746,18,94,9,6,9,7.80000,5,0,246,24,19,7,3,9,33,31,2,5),(747,18,95,15,7,18,11.00000,5,0,66,10,16,1,7,8,11,24,-13,5),(748,18,96,8,3,14,8.40000,5,0,252,23,20,7,2,11,30,33,-3,5),(749,18,138,12,4,4,4.00000,1,0,96,10,6,3,1,2,8,5,3,5),(750,18,139,18,16,16,16.00000,1,0,0,3,3,1,0,2,4,7,-3,5),(751,18,140,13,6,6,6.00000,1,0,75,6,4,2,0,2,7,5,2,5),(752,18,141,20,19,19,19.00000,1,0,0,1,3,0,1,2,3,9,-6,5),(753,18,142,10,1,1,1.00000,1,1,150,16,6,5,1,0,13,5,8,5),(754,18,143,16,7,7,7.00000,1,0,66,4,4,1,1,2,5,5,0,5),(755,18,144,17,15,15,15.00000,1,0,0,3,3,1,0,2,4,7,-3,5),(756,18,145,19,17,17,17.00000,1,0,0,3,3,1,0,2,1,5,-4,5),(757,18,49,5,3,11,6.50000,6,0,375,47,28,14,5,9,51,42,9,6),(758,18,50,1,1,4,1.83333,6,4,807,71,36,20,11,5,72,46,26,6),(759,18,51,3,1,20,8.00000,6,1,393,30,24,7,9,8,43,47,-4,6),(760,18,52,12,2,12,8.66667,6,0,129,24,21,5,9,7,25,28,-3,6),(761,18,53,2,2,12,4.66667,6,0,558,51,31,14,9,8,54,47,7,6),(762,18,56,14,7,13,11.00000,6,0,66,16,19,5,1,13,31,40,-9,6),(763,18,65,4,2,14,6.83333,6,0,387,44,28,13,5,10,49,39,10,6),(764,18,68,6,5,11,7.00000,6,0,366,31,23,8,7,8,25,30,-5,6),(765,18,93,9,3,10,6.50000,6,0,306,38,25,10,8,7,42,34,8,6),(766,18,94,7,5,9,7.33333,6,0,330,29,23,8,5,10,42,38,4,6),(767,18,95,15,7,18,12.16667,6,0,66,11,19,1,8,10,15,33,-18,6),(768,18,96,8,3,14,8.33333,6,0,309,28,24,8,4,12,37,40,-3,6),(769,18,138,10,2,4,3.00000,2,0,225,25,12,8,1,3,22,11,11,6),(770,18,139,18,16,16,16.00000,2,0,0,4,6,1,1,4,9,16,-7,6),(771,18,140,13,6,17,11.50000,2,0,75,7,7,2,1,4,9,11,-2,6),(772,18,141,19,13,19,16.00000,2,0,0,4,6,0,4,2,9,15,-6,6),(773,18,142,11,1,12,6.50000,2,1,150,19,9,6,1,2,17,13,4,6),(774,18,143,16,7,20,13.50000,2,0,66,5,7,1,2,4,7,13,-6,6),(775,18,144,20,15,19,17.00000,2,0,0,4,6,1,1,4,8,17,-9,6),(776,18,145,17,15,17,16.00000,2,0,0,5,6,1,2,3,2,9,-7,6),(777,4,39,3,1,3,2.00000,2,1,211,22,11,7,1,3,17,9,8,1),(778,4,40,13,7,7,7.00000,1,0,44,5,4,1,2,1,7,8,-1,1),(779,4,44,12,6,6,6.00000,1,0,50,6,4,2,0,2,3,4,-1,1),(780,4,47,24,12,12,12.00000,1,0,0,0,3,0,0,3,2,8,-6,1),(781,4,48,16,8,8,8.00000,1,0,38,4,4,1,1,2,5,9,-4,1),(782,4,57,19,10,10,10.00000,1,0,0,1,3,0,1,2,3,6,-3,1),(783,4,58,8,3,8,5.50000,2,0,74,13,9,4,1,4,14,14,0,1),(784,4,60,14,7,7,7.00000,1,0,44,4,4,1,1,2,7,9,-2,1),(785,4,61,11,6,6,6.00000,1,0,50,6,4,2,0,2,4,3,1,1),(786,4,63,9,5,5,5.00000,1,0,56,5,4,1,2,1,4,5,-1,1),(787,4,64,23,12,12,12.00000,1,0,0,0,3,0,0,3,3,8,-5,1),(788,4,71,22,11,11,11.00000,1,0,0,0,3,0,0,3,0,4,-4,1),(789,4,79,6,2,6,4.00000,2,0,86,12,9,3,3,3,7,11,-4,1),(790,4,80,1,1,2,1.50000,2,1,229,27,11,8,3,0,25,6,19,1),(791,4,81,15,8,8,8.00000,1,0,38,6,4,2,0,2,6,8,-2,1),(792,4,82,17,9,9,9.00000,1,0,0,4,3,1,1,1,3,4,-1,1),(793,4,83,4,4,4,4.00000,2,0,160,15,11,4,3,4,19,20,-1,1),(794,4,84,7,3,7,5.00000,2,0,74,15,9,4,3,2,17,11,6,1),(795,4,85,5,2,5,3.50000,2,0,86,17,9,5,2,2,15,7,8,1),(796,4,86,21,11,11,11.00000,1,0,0,1,3,0,1,2,2,7,-5,1),(797,4,87,18,9,9,9.00000,1,0,0,3,3,1,0,2,5,3,2,1),(798,4,88,2,1,4,2.50000,2,1,214,18,11,5,3,3,15,15,0,1),(799,4,89,20,10,10,10.00000,1,0,0,1,3,0,1,2,1,4,-3,1),(800,4,90,10,5,5,5.00000,1,0,56,4,4,1,1,2,3,4,-1,1),(801,4,37,23,8,8,8.00000,1,0,38,3,4,0,3,1,4,5,-1,2),(802,4,39,4,1,4,2.75000,3,1,275,30,17,9,3,5,27,19,8,2),(803,4,40,20,7,7,7.00000,1,0,44,5,4,1,2,1,7,8,-1,2),(804,4,44,19,6,6,6.00000,1,0,50,6,4,2,0,2,3,4,-1,2),(805,4,45,7,2,3,2.50000,2,0,197,18,11,5,3,3,15,13,2,2),(806,4,47,16,5,12,8.50000,2,0,56,5,7,1,2,4,7,14,-7,2),(807,4,48,22,8,11,9.50000,2,0,38,6,7,1,3,3,8,13,-5,2),(808,4,57,21,8,10,9.00000,2,0,38,8,7,2,2,3,12,14,-2,2),(809,4,58,3,2,8,4.00000,4,0,277,31,20,9,4,7,33,29,4,2),(810,4,59,14,4,8,6.00000,2,0,64,10,9,2,4,3,9,10,-1,2),(811,4,60,5,2,7,4.25000,3,0,226,23,15,7,2,6,26,23,3,2),(812,4,61,17,6,10,8.00000,2,0,50,9,7,3,0,4,7,9,-2,2),(813,4,63,13,5,7,6.00000,2,0,100,11,8,3,2,3,14,10,4,2),(814,4,64,27,12,12,12.00000,1,0,0,0,3,0,0,3,3,8,-5,2),(815,4,71,26,9,11,10.00000,2,0,0,3,6,1,0,5,3,10,-7,2),(816,4,79,10,2,6,5.00000,3,0,136,15,13,4,3,6,12,18,-6,2),(817,4,80,2,1,5,2.50000,3,1,285,32,15,9,5,1,29,10,19,2),(818,4,81,9,1,8,4.75000,3,1,138,21,13,6,3,4,21,22,-1,2),(819,4,82,25,9,11,10.00000,2,0,0,7,6,2,1,3,7,13,-6,2),(820,4,83,8,4,12,6.00000,3,0,160,15,14,4,3,7,21,26,-5,2),(821,4,84,11,3,7,6.00000,3,0,118,19,13,5,4,4,25,19,6,2),(822,4,85,1,1,5,2.75000,4,1,310,41,20,12,5,3,33,18,15,2),(823,4,86,12,1,11,6.00000,3,1,100,17,12,5,2,5,23,24,-1,2),(824,4,87,24,9,10,9.50000,2,0,0,6,6,1,3,2,10,8,2,2),(825,4,88,6,1,9,5.25000,4,1,214,22,17,6,4,7,23,29,-6,2),(826,4,89,18,6,10,8.00000,2,0,50,6,7,1,3,3,5,7,-2,2),(827,4,90,15,5,12,8.50000,2,0,56,5,7,1,2,4,4,8,-4,2),(828,4,37,26,8,8,8.00000,1,0,38,3,4,0,3,1,4,5,-1,3),(829,4,39,6,1,7,3.50000,4,1,319,36,21,11,3,7,36,26,10,3),(830,4,40,23,7,7,7.00000,1,0,44,5,4,1,2,1,7,8,-1,3),(831,4,41,28,11,11,11.00000,1,0,0,1,3,0,1,2,4,7,-3,3),(832,4,44,22,6,6,6.00000,1,0,50,6,4,2,0,2,3,4,-1,3),(833,4,45,7,2,8,4.00000,4,0,271,28,20,8,4,8,25,27,-2,3),(834,4,47,20,5,12,8.50000,2,0,56,5,7,1,2,4,7,14,-7,3),(835,4,48,18,8,11,9.00000,3,0,76,13,11,3,4,4,16,19,-3,3),(836,4,57,25,8,10,9.33333,3,0,38,11,10,3,2,5,16,18,-2,3),(837,4,58,5,2,8,4.50000,5,0,327,37,24,11,4,9,38,34,4,3),(838,4,59,12,2,8,5.25000,4,0,150,24,18,6,6,6,24,25,-1,3),(839,4,60,3,2,7,4.16667,5,0,386,40,26,12,4,10,42,43,-1,3),(840,4,61,9,3,10,4.66667,4,0,235,26,18,8,2,8,26,21,5,3),(841,4,63,17,5,11,7.66667,3,0,100,13,11,3,4,4,18,18,0,3),(842,4,64,19,5,12,8.50000,2,0,56,7,7,2,1,4,11,13,-2,3),(843,4,71,27,9,12,10.66667,3,0,0,3,9,1,0,8,4,17,-13,3),(844,4,79,2,1,6,3.25000,5,2,386,36,24,10,6,8,33,30,3,3),(845,4,80,4,1,7,3.16667,4,1,329,38,19,11,5,3,36,19,17,3),(846,4,81,13,1,9,5.50000,4,1,138,23,16,6,5,5,25,28,-3,3),(847,4,82,24,8,11,9.33333,3,0,38,16,10,5,1,4,16,20,-4,3),(848,4,83,11,4,12,6.00000,3,0,160,15,14,4,3,7,21,26,-5,3),(849,4,84,14,3,10,6.83333,4,0,118,21,16,5,6,5,28,23,5,3),(850,4,85,1,1,5,2.50000,6,1,525,61,31,18,7,6,55,34,21,3),(851,4,86,10,1,11,5.66667,5,1,164,25,21,7,4,10,36,40,-4,3),(852,4,87,16,1,10,5.83333,4,1,100,17,15,3,8,4,23,20,3,3),(853,4,88,8,1,9,5.16667,5,1,264,30,21,8,6,7,32,36,-4,3),(854,4,89,21,6,10,8.33333,3,0,50,8,10,1,5,4,8,11,-3,3),(855,4,90,15,5,12,7.33333,3,0,112,12,11,3,3,5,12,15,-3,3),(856,4,91,29,12,12,12.00000,1,0,0,1,3,0,1,2,2,7,-5,3),(857,4,37,29,8,8,8.00000,1,0,38,3,4,0,3,1,4,5,-1,4),(858,4,39,8,1,7,3.50000,4,1,319,36,21,11,3,7,36,26,10,4),(859,4,40,26,7,7,7.00000,1,0,44,5,4,1,2,1,7,8,-1,4),(860,4,41,32,11,11,11.00000,1,0,0,1,3,0,1,2,4,7,-3,4),(861,4,42,25,7,7,7.00000,1,0,44,5,4,1,2,1,2,1,1,4),(862,4,44,24,6,6,6.00000,1,0,50,6,4,2,0,2,3,4,-1,4),(863,4,45,11,2,8,4.00000,4,0,271,28,20,8,4,8,25,27,-2,4),(864,4,46,31,10,10,10.00000,1,0,0,2,3,0,2,1,1,2,-1,4),(865,4,47,10,1,12,3.66667,4,1,292,24,18,6,6,6,30,29,1,4),(866,4,48,12,3,11,5.75000,5,0,246,32,22,8,8,6,38,40,-2,4),(867,4,57,28,8,12,10.00000,4,0,38,11,13,3,2,8,19,24,-5,4),(868,4,58,5,2,8,4.75000,6,0,377,42,28,12,6,10,45,39,6,4),(869,4,59,14,2,8,6.08333,5,0,188,31,22,8,7,7,31,29,2,4),(870,4,60,4,2,10,4.87500,6,0,386,42,29,12,6,11,44,47,-3,4),(871,4,61,7,1,10,5.00000,6,1,335,42,27,13,3,11,42,34,8,4),(872,4,63,15,3,11,5.75000,5,0,174,25,20,6,7,7,30,31,-1,4),(873,4,64,21,5,12,8.66667,3,0,56,10,10,2,4,4,14,16,-2,4),(874,4,71,30,9,12,10.66667,3,0,0,3,9,1,0,8,4,17,-13,4),(875,4,73,22,5,5,5.00000,1,0,56,4,4,1,1,2,4,6,-2,4),(876,4,79,2,1,6,3.91667,7,2,442,46,31,13,7,11,46,44,2,4),(877,4,80,3,1,7,3.12500,5,1,393,46,25,13,7,5,46,30,16,4),(878,4,81,6,1,9,4.50000,6,1,335,40,27,11,7,9,41,47,-6,4),(879,4,82,27,8,11,9.75000,4,0,38,17,13,5,2,6,17,25,-8,4),(880,4,83,13,4,12,5.83333,4,0,204,21,18,6,3,9,27,32,-5,4),(881,4,84,18,3,10,6.83333,4,0,118,21,16,5,6,5,28,23,5,4),(882,4,85,1,1,5,2.62500,8,1,718,74,42,21,11,10,77,54,23,4),(883,4,86,16,1,11,6.12500,6,1,164,27,24,7,6,11,38,45,-7,4),(884,4,87,17,1,10,6.00000,5,1,138,22,19,4,10,5,29,25,4,4),(885,4,88,9,1,9,5.12500,6,1,314,38,25,10,8,7,37,39,-2,4),(886,4,89,23,6,12,9.25000,4,0,50,9,13,1,6,6,9,15,-6,4),(887,4,90,19,5,12,8.25000,4,0,112,13,14,3,4,7,18,23,-5,4),(888,4,91,33,12,12,12.00000,1,0,0,1,3,0,1,2,2,7,-5,4),(889,4,109,20,1,8,4.50000,2,1,100,14,9,3,5,1,17,14,3,4),(890,4,36,33,8,8,8.00000,1,0,38,7,4,2,1,1,12,13,-1,5),(891,4,37,34,8,8,8.00000,1,0,38,3,4,0,3,1,4,5,-1,5),(892,4,38,23,4,4,4.00000,1,0,64,9,6,3,0,3,14,17,-3,5),(893,4,39,11,1,7,3.50000,4,1,319,36,21,11,3,7,36,26,10,5),(894,4,40,31,7,7,7.00000,1,0,44,5,4,1,2,1,7,8,-1,5),(895,4,41,37,11,11,11.00000,1,0,0,1,3,0,1,2,4,7,-3,5),(896,4,42,30,7,7,7.00000,1,0,44,5,4,1,2,1,2,1,1,5),(897,4,44,27,6,6,6.00000,1,0,50,6,4,2,0,2,3,4,-1,5),(898,4,45,13,2,15,6.08333,5,0,271,29,23,8,5,10,30,36,-6,5),(899,4,46,36,10,10,10.00000,1,0,0,2,3,0,2,1,1,2,-1,5),(900,4,47,4,1,12,4.41667,5,1,388,33,23,9,6,8,40,39,1,5),(901,4,48,9,1,11,5.35000,7,1,346,50,31,13,11,7,53,49,4,5),(902,4,57,21,2,12,7.20000,6,0,124,25,22,7,4,11,37,37,0,5),(903,4,58,8,2,9,5.20000,7,0,377,48,31,14,6,11,53,46,7,5),(904,4,59,14,2,8,5.79167,7,0,262,46,31,13,7,11,48,49,-1,5),(905,4,60,5,2,10,5.30000,7,0,386,46,32,13,7,12,50,52,-2,5),(906,4,61,10,1,11,5.60000,7,1,335,45,30,14,3,13,45,38,7,5),(907,4,63,6,1,11,4.70000,7,1,385,48,31,13,9,9,57,47,10,5),(908,4,64,16,2,12,4.75000,5,0,249,27,21,7,6,8,32,34,-2,5),(909,4,71,35,9,15,11.75000,4,0,0,3,12,1,0,11,7,23,-16,5),(910,4,73,24,5,5,5.00000,1,0,56,4,4,1,1,2,4,6,-2,5),(911,4,79,2,1,8,4.36667,8,2,480,53,35,15,8,12,55,53,2,5),(912,4,80,3,1,13,4.00000,6,1,393,47,28,13,8,7,50,38,12,5),(913,4,81,7,1,9,4.70000,7,1,379,46,31,13,7,11,50,55,-5,5),(914,4,82,32,8,12,10.20000,5,0,38,19,16,5,4,7,24,34,-10,5),(915,4,83,15,4,12,5.50000,5,0,260,28,22,8,4,10,33,38,-5,5),(916,4,84,17,3,10,6.62500,6,0,192,32,25,8,8,9,47,35,12,5),(917,4,85,1,1,5,2.40000,10,2,954,99,53,28,15,10,108,69,39,5),(918,4,86,18,1,11,6.50000,7,1,164,30,27,8,6,13,43,51,-8,5),(919,4,87,20,1,16,6.90000,6,1,138,23,22,4,11,7,33,35,-2,5),(920,4,88,12,1,9,5.40000,7,1,314,41,28,11,8,9,42,45,-3,5),(921,4,89,25,6,12,9.80000,5,0,50,12,16,2,6,8,14,23,-9,5),(922,4,90,22,5,12,8.80000,5,0,112,16,17,4,4,9,24,31,-7,5),(923,4,91,38,12,12,12.00000,1,0,0,1,3,0,1,2,2,7,-5,5),(924,4,92,39,13,13,13.00000,1,0,0,3,3,1,0,2,8,10,-2,5),(925,4,109,19,1,8,5.50000,3,1,156,18,13,4,6,3,22,21,1,5),(926,4,116,29,7,7,7.00000,1,0,44,6,4,2,0,2,14,14,0,5),(927,4,117,28,6,6,6.00000,1,0,50,5,4,1,2,1,9,8,1,5),(928,4,118,40,14,14,14.00000,1,0,0,3,3,1,0,2,4,6,-2,5),(929,4,119,26,6,6,6.00000,1,0,50,6,4,2,0,2,11,10,1,5),(930,4,120,41,14,14,14.00000,1,0,0,1,3,0,1,2,2,6,-4,5),(931,4,121,42,16,16,16.00000,1,0,0,0,3,0,0,3,3,9,-6,5),(932,4,36,40,8,8,8.00000,1,0,38,7,4,2,1,1,12,13,-1,6),(933,4,37,17,2,8,3.50000,3,0,253,27,15,8,3,4,36,25,11,6),(934,4,38,29,4,4,4.00000,1,0,64,9,6,3,0,3,14,17,-3,6),(935,4,39,11,1,7,3.50000,4,1,319,36,21,11,3,7,36,26,10,6),(936,4,40,38,7,7,7.00000,1,0,44,5,4,1,2,1,7,8,-1,6),(937,4,41,50,11,11,11.00000,1,0,0,1,3,0,1,2,4,7,-3,6),(938,4,42,37,7,7,7.00000,1,0,44,5,4,1,2,1,2,1,1,6),(939,4,44,35,6,6,6.00000,1,0,50,6,4,2,0,2,3,4,-1,6),(940,4,45,15,2,15,6.08333,5,0,271,29,23,8,5,10,30,36,-6,6),(941,4,46,49,10,10,10.00000,1,0,0,2,3,0,2,1,1,2,-1,6),(942,4,47,7,1,12,5.00000,6,1,388,37,26,10,7,9,46,43,3,6),(943,4,48,9,1,11,5.66667,8,1,346,54,34,14,12,8,56,52,4,6),(944,4,57,23,2,12,7.33333,7,0,152,32,26,9,5,12,46,42,4,6),(945,4,58,4,2,9,5.16667,8,0,433,54,36,16,6,14,66,59,7,6),(946,4,59,13,2,8,6.06667,8,0,306,53,36,15,8,13,59,61,-2,6),(947,4,60,8,2,19,6.33333,8,0,386,49,35,14,7,14,57,62,-5,6),(948,4,61,10,1,22,6.91667,8,1,335,46,33,14,4,15,48,44,4,6),(949,4,63,6,1,16,5.58333,8,1,389,55,35,15,10,10,66,57,9,6),(950,4,64,18,2,18,5.80000,6,0,249,29,24,7,8,9,34,37,-3,6),(951,4,71,39,8,15,11.00000,5,0,38,10,17,3,1,13,18,31,-13,6),(952,4,73,32,5,5,5.00000,1,0,56,4,4,1,1,2,4,6,-2,6),(953,4,79,2,1,8,4.45833,10,2,554,70,45,20,10,15,75,68,7,6),(954,4,80,5,1,23,5.41667,7,1,393,47,31,13,8,10,50,46,4,6),(955,4,81,3,1,9,4.41667,9,1,554,64,43,18,10,15,71,72,-1,6),(956,4,82,31,8,12,10.33333,6,0,62,23,20,6,5,9,32,40,-8,6),(957,4,83,16,4,20,6.80000,6,0,260,31,25,9,4,12,39,48,-9,6),(958,4,84,19,3,10,6.55000,7,0,248,39,29,10,9,10,56,41,15,6),(959,4,85,1,1,6,2.91667,12,2,1004,109,60,31,16,13,122,82,40,6),(960,4,86,21,1,11,6.66667,8,1,164,34,30,9,7,14,48,55,-7,6),(961,4,87,24,1,18,7.66667,7,1,138,24,25,4,12,9,35,39,-4,6),(962,4,88,12,1,14,6.00000,8,1,314,44,31,12,8,11,45,49,-4,6),(963,4,89,33,6,12,10.16667,6,0,50,16,19,3,7,9,16,25,-9,6),(964,4,90,25,5,17,10.16667,6,0,112,19,20,5,4,11,27,36,-9,6),(965,4,91,51,12,12,12.00000,1,0,0,1,3,0,1,2,2,7,-5,6),(966,4,92,52,13,13,13.00000,1,0,0,3,3,1,0,2,8,10,-2,6),(967,4,109,22,1,20,8.33333,4,1,156,18,16,4,6,6,22,28,-6,6),(968,4,113,30,4,4,4.00000,1,0,64,7,6,2,1,3,10,8,2,6),(969,4,116,36,7,13,10.00000,2,0,44,10,7,3,1,3,20,21,-1,6),(970,4,117,28,6,7,6.50000,2,0,94,11,8,3,2,3,13,14,-1,6),(971,4,118,20,3,14,6.25000,3,0,170,19,14,6,1,7,23,27,-4,6),(972,4,119,14,1,6,2.50000,3,1,286,35,16,11,2,3,37,24,13,6),(973,4,120,47,14,17,15.50000,2,0,0,4,6,1,1,4,4,11,-7,6),(974,4,121,48,16,24,20.00000,2,0,0,0,6,0,0,6,4,20,-16,6),(975,4,122,43,12,12,12.00000,1,0,20,6,4,2,0,2,10,7,3,6),(976,4,123,45,14,14,14.00000,1,0,12,9,4,3,0,1,8,4,4,6),(977,4,126,54,16,16,16.00000,1,0,0,4,3,1,1,1,2,2,0,6),(978,4,128,53,15,15,15.00000,1,0,0,2,3,0,2,1,5,7,-2,6),(979,4,129,41,8,8,8.00000,1,0,38,6,4,2,0,2,4,8,-4,6),(980,4,130,26,1,7,4.00000,2,1,100,17,9,5,2,2,20,18,2,6),(981,4,131,55,19,19,19.00000,1,0,0,0,3,0,0,3,3,8,-5,6),(982,4,132,42,9,9,9.00000,1,0,32,7,4,2,1,1,10,7,3,6),(983,4,133,46,15,15,15.00000,1,0,8,7,4,2,1,1,5,3,2,6),(984,4,134,44,13,13,13.00000,1,0,16,5,4,1,2,1,5,6,-1,6),(985,4,135,27,1,8,4.50000,2,1,100,11,10,2,5,3,17,21,-4,6),(986,4,136,34,6,6,6.00000,1,0,50,10,5,3,1,1,11,8,3,6),(987,4,137,56,21,21,21.00000,1,0,0,2,3,0,2,1,2,3,-1,6),(988,4,36,46,8,8,8.00000,1,0,38,7,4,2,1,1,12,13,-1,7),(989,4,37,22,2,8,3.50000,3,0,253,27,15,8,3,4,36,25,11,7),(990,4,38,34,4,4,4.00000,1,0,64,9,6,3,0,3,14,17,-3,7),(991,4,39,14,1,7,3.50000,4,1,319,36,21,11,3,7,36,26,10,7),(992,4,40,31,7,8,7.50000,2,0,82,17,9,5,2,2,15,12,3,7),(993,4,41,59,11,11,11.00000,1,0,0,1,3,0,1,2,4,7,-3,7),(994,4,42,43,7,7,7.00000,1,0,44,5,4,1,2,1,2,1,1,7),(995,4,44,41,6,6,6.00000,1,0,50,6,4,2,0,2,3,4,-1,7),(996,4,45,19,2,15,6.08333,5,0,271,29,23,8,5,10,30,36,-6,7),(997,4,46,58,10,10,10.00000,1,0,0,2,3,0,2,1,1,2,-1,7),(998,4,47,9,1,12,5.00000,6,1,388,37,26,10,7,9,46,43,3,7),(999,4,48,11,1,11,5.82143,9,1,378,60,38,16,12,10,66,58,8,7),(1000,4,57,24,2,12,7.57143,8,0,172,37,30,10,7,13,54,49,5,7),(1001,4,58,6,2,18,6.07143,9,0,433,56,39,16,8,15,72,67,5,7),(1002,4,59,10,2,8,5.75000,10,0,380,71,46,20,11,15,77,74,3,7),(1003,4,60,5,2,19,6.00000,9,0,450,64,42,19,7,16,74,75,-1,7),(1004,4,61,13,1,22,6.91667,8,1,335,46,33,14,4,15,48,44,4,7),(1005,4,63,7,1,16,6.21429,9,1,393,57,38,15,12,11,70,62,8,7),(1006,4,64,16,2,18,5.58333,7,0,293,35,29,8,11,10,45,48,-3,7),(1007,4,71,44,8,22,12.83333,6,0,38,12,20,3,3,14,20,36,-16,7),(1008,4,73,39,5,5,5.00000,1,0,56,4,4,1,1,2,4,6,-2,7),(1009,4,79,3,1,14,5.16071,11,2,566,76,49,22,10,17,81,73,8,7),(1010,4,80,8,1,23,5.41667,7,1,393,47,31,13,8,10,50,46,4,7),(1011,4,81,2,1,9,3.85714,11,2,790,88,55,25,13,17,91,81,10,7),(1012,4,82,36,8,17,11.28571,7,0,62,26,23,6,8,9,38,46,-8,7),(1013,4,83,20,4,20,6.80000,6,0,260,31,25,9,4,12,39,48,-9,7),(1014,4,84,15,3,10,6.50000,8,0,304,48,34,13,9,12,70,50,20,7),(1015,4,85,1,1,12,3.54762,13,2,1024,118,64,34,16,14,130,85,45,7),(1016,4,86,23,1,11,6.26190,10,1,228,51,40,14,9,17,66,68,-2,7),(1017,4,87,26,1,18,7.66667,7,1,138,24,25,4,12,9,35,39,-4,7),(1018,4,88,12,1,14,6.14286,9,1,342,51,35,14,9,12,53,53,0,7),(1019,4,89,40,6,23,12.00000,7,0,50,16,22,3,7,12,21,34,-13,7),(1020,4,90,28,5,17,10.16667,6,0,112,19,20,5,4,11,27,36,-9,7),(1021,4,91,60,12,12,12.00000,1,0,0,1,3,0,1,2,2,7,-5,7),(1022,4,92,53,13,15,14.00000,2,0,8,9,7,3,0,4,17,21,-4,7),(1023,4,109,25,1,20,8.33333,4,1,156,18,16,4,6,6,22,28,-6,7),(1024,4,110,42,6,6,6.00000,1,0,50,6,5,2,0,3,7,10,-3,7),(1025,4,113,35,4,4,4.00000,1,0,64,7,6,2,1,3,10,8,2,7),(1026,4,116,30,7,13,9.00000,3,0,88,16,12,5,1,6,31,30,1,7),(1027,4,117,17,1,7,4.33333,4,1,290,34,20,10,4,6,32,24,8,7),(1028,4,118,21,2,14,5.91667,5,0,256,33,24,10,3,11,37,43,-6,7),(1029,4,119,4,1,6,3.16667,5,1,453,52,26,16,4,6,49,34,15,7),(1030,4,120,47,9,17,13.33333,3,0,32,11,10,3,2,5,11,18,-7,7),(1031,4,121,57,16,24,20.00000,2,0,0,0,6,0,0,6,4,20,-16,7),(1032,4,122,37,8,12,10.00000,2,0,58,8,7,2,2,3,12,10,2,7),(1033,4,123,51,14,19,16.50000,2,0,12,12,7,4,0,3,10,7,3,7),(1034,4,125,64,22,22,22.00000,1,0,0,1,3,0,1,2,2,8,-6,7),(1035,4,126,56,16,20,18.00000,2,0,0,7,6,2,1,3,5,12,-7,7),(1036,4,127,52,14,14,14.00000,1,0,12,6,4,2,0,2,7,5,2,7),(1037,4,128,48,11,15,13.00000,2,0,24,9,7,2,3,2,13,12,1,7),(1038,4,129,45,8,17,12.50000,2,0,38,9,7,3,0,4,7,16,-9,7),(1039,4,130,27,1,13,7.00000,3,1,116,20,13,6,2,5,23,24,-1,7),(1040,4,131,62,19,19,19.00000,1,0,0,0,3,0,0,3,3,8,-5,7),(1041,4,132,33,8,9,8.50000,2,0,70,15,9,4,3,2,20,12,8,7),(1042,4,133,38,6,15,10.50000,2,0,58,14,9,4,2,3,10,8,2,7),(1043,4,134,49,13,24,18.50000,2,0,16,5,7,1,2,4,6,11,-5,7),(1044,4,135,29,1,15,8.00000,3,1,108,17,14,4,5,5,22,27,-5,7),(1045,4,136,18,1,6,2.75000,3,1,279,30,17,8,6,3,22,17,5,7),(1046,4,137,54,16,21,18.50000,2,0,4,6,7,1,3,3,4,10,-6,7),(1047,4,147,65,23,23,23.00000,1,0,0,0,3,0,0,3,2,5,-3,7),(1048,4,149,50,13,13,13.00000,1,0,16,3,4,1,0,3,4,10,-6,7),(1049,4,151,63,21,21,21.00000,1,0,0,1,3,0,1,2,4,8,-4,7),(1050,4,153,61,18,18,18.00000,1,0,0,1,3,0,1,2,5,9,-4,7),(1051,4,155,32,3,8,5.50000,2,0,74,13,10,4,1,5,11,13,-2,7),(1052,4,156,55,16,16,16.00000,1,0,4,7,4,2,1,1,7,6,1,7),(1053,12,60,2,7,7,7.00000,1,0,44,4,4,1,1,2,7,9,-2,1),(1054,12,61,1,6,6,6.00000,1,0,50,6,4,2,0,2,4,3,1,1),(1055,12,64,3,12,12,12.00000,1,0,0,0,3,0,0,3,3,8,-5,1),(1056,12,60,1,2,7,4.25000,3,0,226,23,15,7,2,6,26,23,3,2),(1057,12,61,2,6,10,8.00000,2,0,50,9,7,3,0,4,7,9,-2,2),(1058,12,64,3,12,12,12.00000,1,0,0,0,3,0,0,3,3,8,-5,2),(1059,12,60,1,2,7,4.16667,5,0,386,40,26,12,4,10,42,43,-1,3),(1060,12,61,2,3,10,4.66667,4,0,235,26,18,8,2,8,26,21,5,3),(1061,12,64,3,5,12,8.50000,2,0,56,7,7,2,1,4,11,13,-2,3),(1062,12,60,1,2,10,4.87500,6,0,386,42,29,12,6,11,44,47,-3,4),(1063,12,61,2,1,10,5.00000,6,1,335,42,27,13,3,11,42,34,8,4),(1064,12,64,3,5,12,8.66667,3,0,56,10,10,2,4,4,14,16,-2,4),(1065,12,60,1,2,10,5.30000,7,0,386,46,32,13,7,12,50,52,-2,5),(1066,12,61,2,1,11,5.60000,7,1,335,45,30,14,3,13,45,38,7,5),(1067,12,64,3,2,12,4.75000,5,0,249,27,21,7,6,8,32,34,-2,5),(1068,12,60,1,2,19,6.33333,8,0,386,49,35,14,7,14,57,62,-5,6),(1069,12,61,2,1,22,6.91667,8,1,335,46,33,14,4,15,48,44,4,6),(1070,12,64,3,2,18,5.80000,6,0,249,29,24,7,8,9,34,37,-3,6),(1071,12,60,1,2,19,6.00000,9,0,450,64,42,19,7,16,74,75,-1,7),(1072,12,61,2,1,22,6.91667,8,1,335,46,33,14,4,15,48,44,4,7),(1073,12,64,3,2,18,5.58333,7,0,293,35,29,8,11,10,45,48,-3,7),(1074,13,48,1,8,8,8.00000,1,0,57,4,4,1,1,2,5,9,-4,1),(1075,13,48,1,8,11,9.50000,2,0,57,6,7,1,3,3,8,13,-5,2),(1076,13,48,1,8,11,9.00000,3,0,114,13,11,3,4,4,16,19,-3,3),(1077,13,48,1,3,11,5.75000,5,0,289,32,22,8,8,6,38,40,-2,4),(1078,13,48,1,1,11,5.35000,7,1,439,50,31,13,11,7,53,49,4,5),(1079,13,117,2,6,6,6.00000,1,0,75,5,4,1,2,1,9,8,1,5),(1080,13,48,1,1,11,5.66667,8,1,439,54,34,14,12,8,56,52,4,6),(1081,13,117,2,6,7,6.50000,2,0,141,11,8,3,2,3,13,14,-1,6),(1082,13,48,1,1,11,5.82143,9,1,487,60,38,16,12,10,66,58,8,7),(1083,13,117,2,1,7,4.33333,4,1,355,34,20,10,4,6,32,24,8,7);
/*!40000 ALTER TABLE `unified_ranking` ENABLE KEYS */;
UNLOCK TABLES;

--
-- Table structure for table `unified_ranking_type`
--

DROP TABLE IF EXISTS `unified_ranking_type`;
/*!40101 SET @saved_cs_client     = @@character_set_client */;
/*!40101 SET character_set_client = utf8 */;
CREATE TABLE `unified_ranking_type` (
  `id` bigint(10) unsigned NOT NULL AUTO_INCREMENT,
  `name` varchar(40) NOT NULL,
  `team_type_id` bigint(10) unsigned NOT NULL,
  `list_order` smallint(5) unsigned DEFAULT NULL,
  PRIMARY KEY (`id`),
  UNIQUE KEY `name_unique` (`name`),
  UNIQUE KEY `id_unique` (`id`),
  KEY `fk_unified_ranking_type_team_type` (`team_type_id`) USING BTREE,
  CONSTRAINT `fk_unified_ranking_type_team_type` FOREIGN KEY (`team_type_id`) REFERENCES `team_type` (`id`)
) ENGINE=InnoDB AUTO_INCREMENT=19 DEFAULT CHARSET=latin1;
/*!40101 SET character_set_client = @saved_cs_client */;

--
-- Dumping data for table `unified_ranking_type`
--

LOCK TABLES `unified_ranking_type` WRITE;
/*!40000 ALTER TABLE `unified_ranking_type` DISABLE KEYS */;
INSERT INTO `unified_ranking_type` VALUES (1,'Brasileiro',1,1),(2,'Americano de Clubes',1,2),(3,'Europeu de Clubes',1,3),(4,'Mundial de Clubes',1,4),(5,'Brasileiro Internacional',1,5),(6,'Italiano',1,6),(7,'Argentino',1,7),(8,'Inglês',1,8),(9,'Colombiano',1,9),(10,'Alemão',1,10),(11,'Espanhol',1,11),(12,'Português',1,12),(13,'Uruguaio',1,13),(14,'Americano de Seleções',2,1),(15,'Europeu de Seleções',2,2),(16,'Africano de Seleções',2,3),(17,'Asiático de Seleções',2,4),(18,'Mundial de Seleções',2,5);
/*!40000 ALTER TABLE `unified_ranking_type` ENABLE KEYS */;
UNLOCK TABLES;
/*!40103 SET TIME_ZONE=@OLD_TIME_ZONE */;

/*!40101 SET SQL_MODE=@OLD_SQL_MODE */;
/*!40014 SET FOREIGN_KEY_CHECKS=@OLD_FOREIGN_KEY_CHECKS */;
/*!40014 SET UNIQUE_CHECKS=@OLD_UNIQUE_CHECKS */;
/*!40101 SET CHARACTER_SET_CLIENT=@OLD_CHARACTER_SET_CLIENT */;
/*!40101 SET CHARACTER_SET_RESULTS=@OLD_CHARACTER_SET_RESULTS */;
/*!40101 SET COLLATION_CONNECTION=@OLD_COLLATION_CONNECTION */;
/*!40111 SET SQL_NOTES=@OLD_SQL_NOTES */;

-- Dump completed on 2015-04-19 22:13:03
